Entry_Number,Sentence_Number,Cleaned_Text,Category,Subcategory,Nazi,Beautiful,Sexual/body
1,1,"Heute, den 6. Dez. 1932 hatten wir Nikolaustag.",Temp/Spat,Temp/Spat,,,
1,2,Es war sehr nett.,Reflection,Social,,,
1,3,"Besonders vorher, denn ich war zuerst bei Schwarzes und mir die schwarze Samthose von Metha abgeholt.",Event,Social,,,
1,4,Franz war da und hat mir Torte & Schoko gegeben.,Event,Social,,,
1,5,"Er sagte, ich müsse unbedingt abnehmen.",Event,Social,,,
1,6,Einige ubrigen gibte er mir.,Event,Social,,,
1,7,Ich musste mich auf den Boden legen & bekam einen Sandsack auf den Bauch zum Turnen.,Event,Social,,,
1,8,"Ich wartete auf ihn beim Weggehen, da er ein Stuck mit mir gehen wollte.",Event,Romantic,,,
1,9,Ich verabschiedete mich von Metha & Funke mit Franz im Aufzug hinunter.,Event,Social,,,
1,10,"Im Aufzug, ich weiss garnichtmehr wie das ging, da hatte ich einen Kuss von ihm.",Event,Romantic,,,
1,11,"Da ich doch so in ihn verknallt bin, legte ich meine Hand auf seine Schultern.",Event,Romantic,,,
1,12,"Er legte seine Nase auf meine Backe, doch da wachte ich erst auf & wußte was ich mache.",Event,Romantic,,,
1,13,Sofort ließ ich meine Hand herunter & machte mich ab.,Event,Romantic,,,
1,14,"Schön war das machen nun ist es zu ende, den wir waren im Parterre!",Reflection,Romantic,,,
1,15,"Wir taten, als ob nichts gewesen wäre & er ging mit mir bis an die Otto Beckstr., denn ich ging zur Vera Meier mein erster Kuss von jemand in den ich verknallt bin, der aber leider verheiratet ist & eine süße Frau hat.",Reflection,Romantic,,,
1,16,Du warst mein schönstes (bis jetzt) Erlebnis!!!,Reflection,Romantic,,,
1,17,Mausi!!,Reflection,Romantic,,,
2,18,Ein neuer Zeitabschnitt meines Lebens beginnt!!,Temp/Spat,Temp/Spat,,,
2,19,"Ostern 1933 nach Braunschweig
Am Tag im Geschäft, dann nach dem Abendbrot ins Korso und dann ins Bett.",Temp/Spat,Temp/Spat,,,
2,19,,Event,Social,,,
2,20,Doch mein Vater verreiste &  wir gingen auf die Masch.,Event,Social,,,
2,21,Das alte Lied fand hier eine Unterbrechung.,Reflection,Romantic,,,
2,22,es war Mittwoch den 14. Juni 1933 als ich Hans Mommertz Das erste Mal sah.,Temp/Spat,Temp/Spat,,,
2,22,,Event,Romantic,,,
2,23,Er sah mich mit einen ersten Blick fest an und ich lag auch in seinen Augen.,Event,Romantic,,,
2,24,Wir gingen weiter & er stiefelte uns nach.,Event,Romantic,,,
2,25,"Aus der Elektrischen lachte ich ihm zu, Als er mir winkte.",Event,Romantic,,,
2,26,Freitag waren wir wieder auf der Masch & zwar in der roten Küche.,Temp/Spat,Temp/Spat,,,
2,26,,Event,Social,,,
2,27,Er kam rein & tanzte mit mir.,Event,Romantic,,,
2,28,Er wollte wissen wer ich bin usw.,Event,Romantic,,,
2,29,"Er lud mich zur Damen-kneipe ein, wenn ich dürfe [54] ",Event,Romantic,,,
2,30,Den Abend danach gingen Mommertz & ich alleine in die geisterbahn.,Event,Romantic,,,
2,31,Ich war sehr überrascht als nichts geschah.,Reflection,Romantic,,,
2,32,So saßen wir [DRAWING of two people facing each other] in unseren karren.,Event,Romantic,,,
2,33,Er lieferte mich bei meiner Mutter ab & stellte sich vor.,Event,Romantic,,,
2,34,Wir verabredeten uns auf Donnerstag.,Event,Romantic,,,
2,35,In Holst Garten trank ich Tee & er trank Bier.,Event,Romantic,,,
2,36,Mit Attila unterhielten wir uns über die Kneipe.,Event,Social,,,
3,37,Er holte mich um ¾ 8 Uhr von daheim ab.,Event,Romantic,,,
3,38,"Krawatte offen, denn die wurde erst im Holst’s Garten gebunden.",Event,Romantic,,,
3,39,Er stellte mich dort vor.,Event,Romantic,,,
3,40,Leider saß ich sehr viel alleine da er die Drahtkommode bedienen musste.,Event,Social,,,
3,41,Ich trank natürlich kein Bier.,Event,Social,,,
3,42,"Bei der “Fidelität” gab es Bowle, bei der wir “Bruderschaft” tranken.",Event,Social,,,
3,43,"Es waren sonst noch ganz nette Boys da, aber Mommertz war ja sooo eifersüchtig, was er mir gleich beichtete.",Event,Social,,,
3,44,Die zeit verging im Flug.,Reflection,Temporal,,,
3,45,Ich war angeheitert & wir gingen auf den Gang zu den anderen die müde waren.,Event,Social,,,
3,46,"mit Nicki tanzte ich, aber nur allzuschnell war die Stunde vorbei.",Event,Social,,,
3,47,ich forderte “Nicki” &  seine  Couleurdame “Trina”  auch mit uns zu gehen.,Event,Social,,,
3,48,Sie Schlugen ab & Hans war über meine Handlung einfach empört.,Event,Romantic,,,
3,49,Nach langen Zaudern & einem  inneren heftigen Kampf ging ich mit ihm alleine durch den Park heim.,Event,Romantic,,,
3,50,"An der einen Bank,  da dachte ich so an den Abend vorher, an den ich mit Finke im Kino war.",Event,Romantic,,,
3,51,"er nahm meine Hände, dann streichelte er liebkosend meine Haare & nahm  meinen Kopf in seine Hände.",Event,Romantic,,,
3,52,"Ich legte meinen Kopf an seine Brust, & begann zu weinen den der Moralische war noch nicht weg.",Event,Romantic,,,
3,53,"Ich dachte so an Finke & schämte mich vor mir vor ihm, vor meiner Mutter überhaupt, vor dem heller werdenden Tag.",Reflection,Romantic,,,
3,54,"Auf einmal, als er besonders lieb zu mir war, da nahm ich seinen Kopf & küsste ihn.",Event,Romantic,,,
3,55,Ein langer Seufzer & mein erster kuss war einen Jungen getätigt.,Event,Romantic,,,
3,56,"Doch er küsste mein Hals d.h. meinen Nacken, wahrend ich seine Hände küsste.",Event,Romantic,,,
3,57,So verstrich die zeit.,Reflection,Temporal,,,
3,58,"Doch als ich merkte dass es so spät ist, reute es mich nicht, denn es war mein erstes süßes Erlebnis & Geheimnis, meine erste Liebe.",Reflection,Romantic,,,
4,59,"Ein neuer Zeitabschnitt meines Lebens beginnt, doch eigentlich schon am 23. Juni Freitag meine Mutter, Frl.",Reflection,Temporal,,,
4,60,Lüddecke & ich wollten ins Kino.,Event,Social,,,
4,61,"Am Brunings Saalbau rief Finke herüber & kam an, ob ich nicht mit ihm ins Kino gehen werde, da er eine Freikarte (Ehrenkarte) für 2 Personen habe.",Event,Romantic,,,
4,62,"Na, ja ich ging ahnungslos & arglos mit.",Event,Romantic,,,
4,63,Bot F. öfters etwas an das er später nur aus Meiner Hand nicht aus der tute nahm.,Event,Romantic,,,
4,64,Dabei hielt er meine Hand fest.,Event,Romantic,,,
4,65,"Da schaute er mir manchesmals so tief in die Augen, Dass ich so richtig einen Moralischen Koller bekam.",Event,Romantic,,,
4,66,"Das stuck “S.A. Mann Brand” war nun auch so traurig, so dass die hellen tränen über die wangen rieselten.",Event,Political,YES,,
4,66,,Event,Social,,,
4,67,Finke nahm dann meinen Arm und meinte es sei 1. Frech gewesen mich von meiner Mutter so wegzunehmen & 2. Sei das Stuck doch etwas zu ernst für mich.,Event,Romantic,,,
4,68,"Ich finde aber, dass es garnicht schadet, wenn man mal so Alles von der Leber wegheult.",Reflection,Social,,,
4,69,"Ich kann so selten heulen und wen dann, na dann tuchtig!",Reflection,Social,,,
4,70,"Ich nahm dann auch seine hand, etc doch leider geht auch das längste Stuck einmal zu Ende, und so war Finke der mann, bei dem ich zum ersten mal so etwas wie Verehrung und Ruhrung, Mitleid & zugleich geborgenheit empfand.",Reflection,Romantic,,,
4,71,Noch nie war ich so überhaupt mit einen Herrn im Kino.,Reflection,Romantic,,,
4,72,Danach gingen wir ins Korso.,Event,Romantic,,,
4,73,"Finke bekam seinen Moralischen u. Ging 1 stunde weg, um 2 Bier zu trinken.",Event,Romantic,,,
4,74,Brachte uns dann schön heim.,Event,Romantic,,,
4,75,So rasch vergesse ich diesen Kino-stuck bestimmt nicht.,Reflection,Romantic,,,
4,75,,Reflection,Political,,,
5,76,"Heute, den 29. Juni 1933 Wie üblich nach dem Essen im Korso.",Temp/Spat,Temp/Spat,,,
5,76,,Event,Social,,,
5,77,Da der Tisch so voll war setze Finke seinen Sessel neben meinen.,Event,Romantic,,,
5,78,Unter dem Tisch ging es dann los.,Event,Romantic,,,
5,79,"Erst ganz leise, dann fester mit dem Schuh, dann mit den Knien.",Event,Romantic,,,
5,80,Auf einmal nimmt er meine Hand unter dem Tisch.,Event,Romantic,,,
5,81,"Die Augen verrieten nur machesmal daß er sehr traurig war, sogar recht unglücklich war.",Event,Romantic,,,
5,82,"Einige Andeutungen machte er, die ich aber nicht verstand.",Event,Romantic,,,
5,83,Wir gingen dann schön heim & der gute Manne Finke brachte uns bis vor die Tür.,Event,Social,,,
6,84,"Heute den 30. Juni 1933 Frau Lüddecke war im Korso bei uns am Tisch, als Finke kommt.",Temp/Spat,Temp/Spat,,,
6,84,,Event,Social,,,
6,85,Sie wollte ein Bier trinken & Finke sagte er auch.,Event,Social,,,
6,86,Mutti sollte aber mit.,Event,Social,,,
6,87,Mutti & ich gingen auch mit ins Pschorr.,Event,Social,,,
6,88,Als wir reinkommen war Bierwirth da.,Event,Social,,,
6,89,Setzte sich mit an unseren Tisch.,Event,Social,,,
6,90,"Finke zog auf Frau Lüddecke auf, die aber so besoffen war & das garnicht merkte.",Event,Social,,,
6,91,"Finke war sehr nett zu mir, nur fand er, daß ich so komisch zu ihm wäre.",Event,Romantic,,,
6,92,"Ich war extra so kühl, weil Mutti & Bierwirth & Frau Lüddecke nichts davon merken sollten.",Event,Romantic,,,
6,93,"Sie brachten erst uns, und dann Frau Lüddecke heim, nachdem sie noch im Korso & im Bahnhof Station machten.",Event,Social,,,
7,94,Heute den 1. Juli 33 Mittags hat mich Luise R. zum kaffee eingeladen.,Temp/Spat,Temp/Spat,,,
7,94,,Event,Social,,,
7,95,Margrete kuckuck & Ruth Wasmus waren auch noch da.,Event,Social,,,
7,96,Um ½ 6 holte mich Hans Mommertz ab.,Event,Social,,,
7,97,"Wir wollten knipsen, aber das wetter war zu schlecht.",Event,Social,,,
7,98,Um 7 uhr war ich im geschafft.,Temp/Spat,Temp/Spat,,,
7,99,"Sofort umgezogen & mit Mutti & Familie A. ins Theater, in Friedemann Bach.",Event,Social,,,
7,100,"Sehr schön, aber sehr sehr traurig.",Reflection,Social,,,
8,101,"Heute den 4. Juli 33 Mit Herr + Frau Feil, Frau Lüddecke etc. im Korso.",Temp/Spat,Temp/Spat,,,
8,101,,Event,Social,,,
8,102,Da kommt Finke & kurz darauf Heidemann.,Event,Social,,,
8,103,Nun alle in so guter Laune.,Event,Social,,,
8,104,"Na noch ins Pschorr; aber da die meisten Dagegen waren, gingen wir in die Mampe.",Event,Social,,,
8,105,"Herr Feil war so gut aufgelegt, & Finke zog Frau Lüddecke in einer Tour auf, ebenso tat es Herr Zähnecke.",Event,Social,,,
8,106,Frau Lüddecke teilte Blumen aus.,Event,Social,,,
8,107,"Finke steckte sich selbst eine an, die er mir verehrte.",Event,Romantic,,,
8,108,Auch bastelte er von Strohhalmen mir einen Ring.,Event,Romantic,,,
8,109,Naturlich dies treten & stumpfen kam auch.,Event,Romantic,,,
8,110,"Er nahm sogar meine Hand, jedoch sehr vorsichtig, denn mein Vater saß neben Finke.",Event,Romantic,,,
8,111,Es war sehr lustig & ich fange es sehr schön.,Reflection,Romantic,,,
8,112,"Frau Lüddecke fuhr mit Herrn Heidemann im Auto heim, wahrend wir ganz rasch zu Fuß heim eilten.",Event,Social,,,
8,113,Finke hakte Mama & mich unter.,Event,Romantic,,,
9,114,Heute den 6. Juli 33 Mama & ich mit Familie Feil beim Biwak.,Temp/Spat,Temp/Spat,,,
9,114,,Event,Social,,,
9,115,Danach noch ins Korso.,Event,Social,,,
9,116,Finke kam natürlich auch noch.,Event,Romantic,,,
9,117,"Ich dachte ihm beim Biwak zu treffen, & er mich auch.",Event,Romantic,,,
9,118,Aber er waren zu viel Menschen dorten.,Event,Social,,,
9,119,"Finke lotzte Mama & mich noch ins Pschorr mit, da wir alle (Feil auch) noch Hunger hatten.",Event,Social,,,
9,120,Da meinte Finke auch ich sei garnicht nett zu ihm usw.,Event,Romantic,,,
9,121,"Wir gingen dann noch ins Korso wo er auf mein Block stenographieren, aber ich konnte es nicht lesen.",Event,Romantic,,,
9,122,Er schrieb dann nochmals KLEINES DUMMES was das bedeuten soll weiß ich nicht.,Event,Romantic,,,
9,123,Ich wollte es absolut wissen; aber sagte „dann werfen sie es mir an den kopf.“,Event,Romantic,,,
10,124,"Heute, den 12. Juli 33
Mama & Finke & ich in Lichtspiele.",Temp/Spat,Temp/Spat,,,
10,124,,Event,Social,,,
10,125,"„Was Frauen traumen“ Während diese Stückes konnten wir uns doch nicht ansehen, da doch meine Mutter nebenan saß.",Event,Romantic,,,
10,126,Nur eines taten wir.,Event,Romantic,,,
10,127,Unsere hande fanden sich naturlich wieder.,Event,Romantic,,,
10,128,"Nur glaube ich das meine Mutter es merkte wenn ich Finkes Hand nahm, da man doch merkt ob sich der arm (muskeln) sich bewegt.",Reflection,Romantic,,,
10,129,Na sie sagte nichts.,Event,Romantic,,,
10,130,Im Korso tranken wir noch einen kaffee.,Event,Romantic,,,
11,131,"Heute, den 16 Juli 33
Jenners hier gewesen & Papa & Frau Deuter nach Walen.",Temp/Spat,Temp/Spat,,,
11,131,,Event,Social,,,
11,132,"Finke und ich solange ins Korso (am hellen Sonntagmorgen) und gewartet, bis Armin zurückkam & uns holte.",Event,Romantic,,,
11,132,,Event,Social,,,
11,133,"Wir unterhielten uns uber seinen Kummer und gab er zu, dass der „Moralische“ den er schon seit 2 Monaten hat, von seiner Freundin herkommt.",Event,Romantic,,,
11,134,Er hat schluss gemacht; aber sie lauft ihn nach & geht zu ihn heim & belästigt seine Mutter.,Event,Romantic,,,
11,135,Es sei gar kein madel fur ihn.,Event,Romantic,,,
11,136,"In Walen war er sehr nett, aber immer anständig.",Event,Romantic,,,
11,137,Im Pawelsch Holz überkam mich ein Schauer & ich war so Kuhl zu ihn.,Event,Romantic,,,
11,138,Ich konnte ihn einfach nicht mehr sehen.,Reflection,Romantic,,,
11,139,"Er ging auch nach Lehndorf zum Tanzen, wahrend wir nach B. Zurückführen.",Event,Social,,,
12,140,"Heute, den 24. Juli 33
Ich ging ganz alleine ins Kino „Marie aus Moralischen Grunden entlassen“ & „Strich durch die Rechnung“ es kam mir ja so komisch vor.",Temp/Spat,Temp/Spat,,,
12,140,,Event,Social,,,
12,141,So alleine und dann Abends noch.,Reflection,Social,,,
12,142,"Finke fehlte mir wahrend dem Stuck, aber er darf es nicht wissen.",Reflection,Romantic,,,
13,143,"Heute, den 25. Juli 33
Mit Herr & Frau Feil im Korso, da kam Frau Heine auch noch.",Temp/Spat,Temp/Spat,,,
13,143,,Event,Social,,,
13,144,Herr Finke kam zu uns an den Tisch.,Event,Social,,,
13,145,Er ging nach oben und brachte den schirm von Frau L. mit runter.,Event,Social,,,
13,146,Sie erschien auch gleich.,Event,Social,,,
13,147,"Die beiden tanzen & kamen zwischendurch, als mal runter.",Event,Social,,,
13,148,"Ich war kuhl, aber doch höflich.",Event,Romantic,,,
13,149,Da fragte Finke warum ich ihn schon seit einigen tagen so schneiden würde.,Event,Romantic,,,
13,150,"Ist das geschnitten, wenn man zuvor kommend ist, aber nicht intime unterhaltung fuhrt.",Reflection,Romantic,,,
13,151,Kleines dummes sagte er wieder.,Event,Romantic,,,
13,152,"Ich erklärte ihn, wenn jemand dabei ist, bin ich immer so kuhl.",Event,Romantic,,,
13,153,Als ich ihn anstiess sagte ich Verzeihung usw.,Event,Social,,,
13,154,Leise sagte F. schon wieder so kühl & formell.,Event,Romantic,,,
13,155,Er ginge dann mit Frau Lüddecke nach Hause.,Event,Social,,,
13,156,"Sie erzählte, dass Finke so verliebt gewesen sei.",Event,Romantic,,,
13,157,"Ich habe mich zwar sehr geärgert, aber „narre mise anmerke lasse!“ Hanneman kam als Finke wegging.",Reflection,Romantic,,,
13,157,,Event,Social,,,
13,158,Wir (Frau + Herr Feil + Herr Scmitt + Hanneman) gingen noch in die mampe.,Event,Social,,,
13,159,Dort war Hanneman Sehr nett zu mir Er lud mich zu einen Mocca - flug ein.,Event,Romantic,,,
13,160,"Wollte mich in Arm nehmen, aber ich lies mir das nicht gefallen.",Event,Romantic,,,
13,161,"Seppel ist sein Hund, der einfach wonnig ist.",Event,Social,,,
13,162,Wir waren noch sehr lustig bis ½ 4 uhr.,Event,Social,,,
13,163,"Pap machte krach, als ich um 4 uhr heim kam.",Event,Social,,,
14,164,"Heute, den 27. Juli 33
Mit Rusteberg & Frau Brücke ins Korso, Papa spielte Schach, wahrend Finke neben mir sass.",Temp/Spat,Temp/Spat,,,
14,164,,Event,Social,,,
14,165,"Da bestellte der ober zu Finke, das Frau Lüddecke sagen lasst Finke soll sich oben mit hinsetzen.",Event,Social,,,
14,166,Er ging rauf und brachte sie mit runter.,Event,Social,,,
14,167,Ich ging bald darauf mit Papa heim während Frau Brucke + Rusteberg Frau Lüddecke & Finke ins Pschorr gingen.,Event,Social,,,
14,168,Frau Brucke soll ihren moralischen Koller bekommen haben sie soll sogar geweint haben etc. Frau L. erzählte am anderen Morgen Finke sei so glücklich und so verliebt gewesen.,Event,Romantic,,,
14,169,"Eigentlich liegt mir garnichts dran, aber andererseits war er doch so nett zu mir.",Reflection,Romantic,,,
14,170,Ich finde garnicht da durch.,Reflection,Romantic,,,
15,171,"Heute den 29. Juli 33
Finke kam ins geschäft und erzählte mir von Frau Brucke und Otto Bierwirth.",Temp/Spat,Temp/Spat,,,
15,171,,Event,Social,,,
15,172,Von mir aus machen sie sonst was.,Reflection,Social,,,
15,173,"Er ging bald weg & ich hatte so viel Arbeit, daß ich nicht zeit hatte um darüber nachzudenken.",Event,Social,,,
15,174,Ich finde nur alles so,Reflection,Social,,,
16,175,"Monatsbilanz Juli
Rätselhaft.",Temp/Spat,Temp/Spat,,,
16,176,"Finke ist 26 alt und Frau L. auch, also was will er denn von mir, wo ich erst 16 bin & garnicht zu ihn passée.",Reflection,Romantic,,,
16,177,Hans Mommertz schreibt auch nicht.,Event,Romantic,,,
16,178,"Der ist vielleicht beleidigt, weil ich so kurz & formell antwortete.",Reflection,Romantic,,,
16,179,Im Lunisch habe ich auch einen netten Jungen Hans Jürgens von der Kunstgewerbe-Schule entdeckt.,Event,Romantic,,,
16,180,"Ganz nett, scheint nur sehr schüchtern zu sein.",Reflection,Romantic,,,
16,181,Ins Korso kommt auch manchmal ein hübscher blonder Boxer.,Event,Romantic,,,
16,182,"Ich glaube zwar, dass der eine Freundin hat.",Reflection,Romantic,,,
16,183,"Wenn ich hier in H.C.B., oder sonst wo bin, dann konnen mir Jungens gestohlen bleiben.",Reflection,Romantic,,,
16,184,"Ab & zu mal eine Liebelei, aber für etwas Festes so, bin ich noch zu jung.",Reflection,Romantic,,,
16,185,"Abwechslung muss ich haben, denn langer als 14 Tage halt das doch sowieso nicht an.",Reflection,Romantic,,,
16,186,Der Freund von Riemenschneider gefallt mir auch ganz gut.,Reflection,Romantic,,,
16,187,"Ein Herr Schmitt, aber der ist zu alt.",Reflection,Romantic,,,
16,188,"Wenn der eine Freundin hat, dann hat der was in Schild & sowas kommt doch wohl garnicht in die frage.",Reflection,Romantic,,,
17,189,Monatsbilanz August Finke ist reumütig zu seiner alten Liebe aus Lehndorf zurückgekehrt.,Temp/Spat,Temp/Spat,,,
17,189,,Event,Romantic,,,
17,190,Er hat von Frau Lüddecke die Nase voll.,Event,Romantic,,,
17,191,"Der blonde boxer ist ein Berliner der bei Voigtländer Mechaniker ist, Derselbe war mit Frl. Maurie etwas befreundet.",Event,Romantic,,,
17,192,"Leider kam meine abreise nach ihm dazwischen, und so lernte ich ihn nicht kennen.",Event,Social,,,
17,193,"Hansi Jürgens habe ich noch 1 mal im Lünischteich gesehen, doch leider nur von Weiten.",Event,Romantic,,,
17,194,Hans habe ich neulich besucht & hatten Qualm + Gimbo bei Biermann ordentlich getankt.,Event,Social,,,
17,195,Ich trank mit Hans ein glas Eierlikör & Bumbo machte Blödsinn.,Event,Social,,,
17,196,Bin dann sofort ins Bad gefahren.,Event,Social,,,
17,197,Habe mich mit Romy angefreundet.,Event,Social,,,
17,198,Hans hat wegen meiner Abstammung unannehmlichkeiten gehabt und ich finde ihn auf einmal wieder ganz nett.,Event,Political,YES,,
17,199,"Habe ihm von Mannheim einen Brief geschrieben, das er sich eine rein Arierin als Couleurdame nehmen soll.",Event,Political,YES,,
18,200,"Heute, den 6. Sept.33 war beim Prälat Bauer mit Oma.",Temp/Spat,Temp/Spat,,,
18,200,,Event,Social,,,
18,201,Habe mit Ruth gesprochen.,Event,Social,,,
18,202,Traf Anneliese und Jese & Lilly Ascher.,Event,Social,,,
18,203,Wollte Baden.,Event,Social,,,
18,204,"Herrn Rausch & auch Frau tut es leid, dass die ganze sache so ging.",Reflection,Social,,,
18,205,Einesteils ist Herr Rausch froh dass ich wahrend der zeit schon weg war.,Reflection,Social,,,
18,206,"Nicht weil ich Spielerin der I Damenelf war, sondern weil ich ein so lieber mensch war und mich so für die Sache einsetzte.",Reflection,Social,,,
18,207,"Na schön, erledigt.",Reflection,Social,,,
18,208,"Was nicht ist, ist nicht.",Reflection,Social,,,
18,209,"Leider tut mir nur, dass ich hier nicht zum Schwimmen gehen kann.",Reflection,Social,YES,,
18,209,,Reflection,Political,,,
19,210,Nachtrag zum Ende August 33 Mutter und ich waren in Hannover zum Weak-end.,Temp/Spat,Temp/Spat,,,
19,210,,Event,Social,,,
19,211,"Samstag waren wir bei Doernhaus - Weinstube mit Frau Mayer, Frau Grau, Frau Werner & meine Mutter und ich an einen Tisch.",Event,Social,,,
19,212,Es war enorm voll.,Event,Social,,,
19,213,Ich tantzte auch einige mal.,Event,Social,,,
19,214,"Da kam auf einmal ein großer Herr, einfach ein H Mann rein & setzte sich mir gegenüber.",Event,Social,YES,,
19,214,,Event,Political,,,
19,215,"Gerade erhob er sich und wollte mit mir tanzen, als ich schon engagiert war.",Event,Romantic,YES,,
19,215,,Event,Political,,,
19,216,"Er setzte sich dann wieder und beim nächsten Tanz ging es genau so, nur lachte er da sehr als er aufstand.",Event,Romantic,,,
19,217,Zum dritten mal hat es dann geklappt er kam her und wir tanzten.,Event,Romantic,,,
19,218,Ich erfuhr das er am gericht war & das er 26 war.,Event,Romantic,,,
19,219,Wir unterhielten uns noch blendend.,Event,Romantic,,,
19,220,Die zeit verging im Nu und ich sagte ihm dann das ich am andern Tag schon wieder los nach B. fuhr.,Event,Romantic,,,
19,220,,Reflection,Temporal,,,
19,221,"Ich hatte mir seine Adresse und sein Name sagen lassen sollen; denn wenn ich tatsächlich in Hannover Nahen lerne, dann hatte ich diesen H. Mann “ wenigstens noch einmal sehen konnen.",Reflection,Romantic,YES,,
19,222,Es war ein schönes erlebnis und ein liebes Andenken an Hannover.,Reflection,Romantic,,,
20,223,Nach meiner Rückkehr nach B. traf ich ganz kurz Sonny.,Event,Social,,,
20,224,"Er erkundigte sich, ob wir uns und wann wir uns mal wieder sehen können.",Event,Social,,,
20,225,Meine antwort lautete im Beisein von Micky: Wir werden uns gelegentlich schon mal wieder treffen.,Event,Social,,,
20,226,Aus.,Reflection,Romantic,,,
20,227,Noch zu gerne hätte ich mal mit ihm unter 4 Augen gesprochen Aber leider weiss ich seine Adresse nicht.,Reflection,Romantic,,,
21,228,Fabelhaft war es auch in Ulm mit.,Temp/Spat,Temp/Spat,,,
21,229,Mit Hertel; dauernd wegen der Kapelle Baden - Baden “Gittman - Waldmann” in die Libelle.,Event,Social,,,
21,230,Einen Abend sogar mit Hertel alleine ins Cafaso-Bar.,Event,Social,,,
21,231,Haben getanzt und dann P. Beuchel Hertels Verehrer getroffen.,Event,Social,,,
21,232,Tranken Wein etc. etc. Hertel übernachtete bei mir auf der Chaise.,Event,Social,,,
21,233,Am Samstag drauf war ich bei ihr zur Kerwe mit Frl. Stahl war ungemütlich.,Event,Social,,,
22,234,Finke ist seiner alten Liebe treu geworden.,Event,Romantic,,,
22,235,"Nun ist Hans Werner Teichmann Wolfgang Deuter, Dummer an der Reihe.",Event,Romantic,,,
23,236,"Heute 14. Jan 1934
Mit Annelie im “Lustigen Füsilier” gewesen.",Temp/Spat,Temp/Spat,,,
23,236,,Event,Social,,,
23,237,"Habe auch mit Hans-Werner getanzt, der bei Matthias am Tisch saß.",Event,Social,,,
23,238,Übrigens ist Mathias sehr nett.,Reflection,Romantic,,,
24,239,"Heute, 15. Jan 34
Ich war im kino und ging nach hause habe mich mit Hans Werner bis ½ 3 Uhr unterhalten.",Temp/Spat,Temp/Spat,,,
24,239,,Event,Romantic,,,
24,240,"So langsam, aber sicher scheine ich ihn lieb zu gewinnen.",Reflection,Romantic,,,
25,241,"Heute, 18. Jan. 34
Hans Werner hat mich ins Viktoria-Luisa eingeladen.",Temp/Spat,Temp/Spat,,,
25,241,,Event,Social,,,
25,242,Von 5-7 Uhr waren wir dort.,Temp/Spat,Temp/Spat,,,
25,243,Haben als einzige getanzt.,Event,Social,,,
25,244,Er hat fabelhaft schone Augen und Augenwimpern und auch hübsche Zähne.,Reflection,Romantic,,,
25,245,Er hat mir einen grossen Karton Pralinen geschenkt und zum Weihnachten ein Buch: “Oberst v. Steuben”,Event,Romantic,,,
26,246,"Heute, 21. Jan 34
Wolfgang eingeladen zu Tiefland.",Temp/Spat,Temp/Spat,,,
26,246,,Event,Social,,,
26,247,War sehr gut die Oper Wölflein ist für mich zu kindisch.,Reflection,Social,,,
26,248,Er ist zu jung.,Reflection,Romantic,,,
26,249,"Gebe ihm mittags unterricht, aber er lernt nichts.",Event,Romantic,,,
27,250,"Heute den. 22. Jan. 34
Mittags bei Karstadt Lammfell besorgt.",Temp/Spat,Temp/Spat,,,
27,250,,Event,Social,,,
27,251,Dummer hat mich bedient und andauernd gegrient.,Event,Social,,,
27,252,Sieht ja bild schon und fabelhaft schick aus.,Reflection,Romantic,,,
27,253,"Die Figur, die Augen, die Sprache, den Anzug und dann noch Sport mensch.",Reflection,Romantic,,,
28,254,Hans Werner ist tief betrübt wegen Zivilverbot.,Event,Political,YES,,
28,255,"Immer, immer uniform + uniform.",Event,Political,YES,,
29,256,Putzmachervergnugen!,Event,Social,,,
29,257,War fabelhaft!,Reflection,Social,,,
29,258,Sassen an der Ehrentafel!,Event,Social,,,
29,259,Deuter sprach.,Event,Social,,,
29,260,Neben mir saß Wolf.,Event,Social,,,
29,261,Nette vortrage und zwischendurch tanz.,Event,Social,,,
29,262,Habe mit Herrn Berger getanzt.,Event,Social,,,
29,263,"Am Tisch sass einer von Berlin “Mister, Walter” mit dem ich gerne tanzte.",Event,Social,,,
29,264,Hat mich gerade aufgefordert als Sternberger schon angewalzt kam.,Event,Social,,,
29,265,Auch mein süßer dummer war mit Eltern da.,Event,Romantic,,,
29,266,"Eine reihe Pflichttänze hatte der arme Junge zu erledigen, das war schon nicht mehr feierlich.",Event,Social,,,
29,267,Er augte dauernd zu uns; aber als Sohn vom Chef muss er zuerst mit die Firma tanzen.,Event,Social,,,
29,268,"Als dann gemütlich wurde und er so ziemlich fertig war, da Herr D. wollte gehen und wir mussten anstandshalber mitgehen.",Event,Social,,,
30,269,"Heute 10. Februar 34
Mit Annelie + Gunter u. Frau Lebke beim M.T.Y. Vergnügen.",Temp/Spat,Temp/Spat,,,
30,269,,Event,Social,,,
30,270,Ich habe mich schrecklich gemopst.,Reflection,Social,,,
30,271,"Es waren keine netten Herren da und mir, gegenüber in einer Loge.",Event,Social,,,
30,272,knutschte dauernd Fritze Hofmann.,Event,Romantic,,,
30,273,Es war überhaupt g.k.,Reflection,Romantic,,,
30,274,"Diese Knutscherei wäre gerne eher gegangen, musste aber auf Annelie etc warten & so wurde es ½ 5 Uhr.",Event,Social,,,
31,275,"Heute, den 17. Febr. 34
Mit Annelie und Waldemar Miller zum Polizei-Vergnügen.",Temp/Spat,Temp/Spat,YES,,
31,275,,Event,Social,,,
31,276,Hans Werner kam noch an den Tisch.,Event,Romantic,,,
31,277,Annelie und ich sind dann mal auf die galerie.,Event,Social,,,
31,278,"Ein Bekannter u. Annelie lud uns zu einem Bier in den Poulettenkeller ein, da ich dort noch nie war.",Event,Social,,,
31,279,Meinen ersten Schluck Bier aus einer Pulle getrunken.,Event,Social,,,
31,280,Der netter Boy musste es mir sogar noch einflößen und nahm mich hierzu in den Arm; aber sehr anständig!,Event,Romantic,,,
31,281,Diese kleine Ablenkung dauerte 2 Std. ,Temp/Spat,Temp/Spat,,,
31,282,H.W. war bose dass wir ohne etwas zu sagen so lange weggeblieben waren.,Event,Romantic,,,
31,283,"Auf dem Heimweg, den wir um ½ 2 Uhr antraten, war es sehr eintönig.",Temp/Spat,Temp/Spat,,,
31,283,,Event,Romantic,,,
31,284,"Besonders wo wir alleine gingen, denn keiner konnte etwas sagen und diese Stille war zuuuu schon.",Reflection,Romantic,,,
31,285,"Einmal glitt ganz flüchtig sein Arm um meine Hüfte, nach dem ich gestolpert war.",Event,Romantic,,,
31,286,Im Hausgang gingen wir langsam und still übereinander her.,Event,Romantic,,,
31,287,"Oben vergrub ich meinen Kopf und hielt seine Hand etwas fest, worauf er nur: Na was ist?” antwortete.",Event,Romantic,,,
31,288,"Ein gute Nacht-wechsel und er ging wieder, wahrend ich mich so gerne an ihn gelehnt hatte und ganz still ein bissel geweint hatte; denn wenn man mit 1 menschen so lange spazieren geht, wird man leicht melancholisch.",Reflection,Romantic,,,
31,289,"Halt mich da jemand ist es gut, wenn nicht, bin ich für einige Tage erledigt.",Reflection,Romantic,,,
31,290,"Ich habe mich ja mächtig zusammengenommen, nun nicht aus der Rolle zu fallen.",Reflection,Romantic,,,
31,291,Aus ihm wird i nett klug.,Reflection,Romantic,,,
32,292,Heute 24. Feb. 34 Hans Werner war zu Hause und fahrt jetzt in die Kaserne.,Temp/Spat,Temp/Spat,,,
32,292,,Event,Romantic,,,
32,293,Ich habe mit Annemie + Hilde Wille den Film “Rivalen der Luft” gesehen.,Event,Social,YES,,
32,293,,Event,Political,,,
32,294,An der Haltestelle da stand H.W.,Event,Romantic,,,
32,295,"Er sah an mir zuerst vorbei, grüßte dann doch.",Event,Social,,,
32,296,Kam her gab mir die Hand + Annelie auch.,Event,Social,,,
32,297,Ich ging nach hause.,Event,Social,,,
32,298,H. W. drehte sich nicht 1x um.,Event,Romantic,,,
32,299,— — — Er ging und ich ging.,Event,Romantic,,,
33,300,Im März 34 da war es mit Hanz-Werner schon für mich wieder vorbei.,Temp/Spat,Temp/Spat,,,
33,300,,Reflection,Romantic,,,
33,301,"Im April 34 da begann ich Walter Krusekopp sehr zu lieben; aber bei mir, natürlich wie immer schon nach einiger Zeit vorbei.",Temp/Spat,Temp/Spat,,,
33,301,,Event,Romantic,,,
33,302,Konnte ihn sogar eine Zeit lang nicht mehr sehen.,Reflection,Romantic,,,
33,303,"Jetzt ist er mir nicht mehr, wie jeder andere auch.",Reflection,Romantic,,,
34,304,Im Juni 34 da habe ich mich im Herrn “Jochen von Rettdorf” verknallt.,Temp/Spat,Temp/Spat,,,
34,304,,Event,Romantic,,,
34,305,"Nachdem ich mit ihm im Lustigen Füsilier getanzt hatte und ihn mir naher angesehen, ist auch dieser Traum schon wieder zu Ende.",Event,Romantic,,,
34,305,,Reflection,Romantic,,,
35,306,"Im Juli 34 da ging man nun immer zum Baden in den Lünischteich und siehe da Hansi Jürgens, den ich im Jahre 33 so nett fand, hat sich so gemacht, das man ihn in der ganzen Stadt als den braunsten Mann kennt und die Mädels ganz toll hinter ihn her sind.",Temp/Spat,Temp/Spat,,,
35,306,,Event,Romantic,,,
35,307,Selbst treue die sich jetzt verlobt hat ist sehr gut auf ihn zu sprechen.,Event,Romantic,,,
35,308,Man redet im Teich: Treue schafft sich aber bei zeiten einen Hausfreund an.,Event,Social,,,
36,309,Im august 1934 war ich im schönen heißgeliebten Mannheim.,Temp/Spat,Temp/Spat,,,
36,310,"Rolf Binger liebte ich so wie noch nie, da ja Treue seine treue Freundin war.",Reflection,Romantic,,,
36,311,Er gab mir diesen Brief.,Event,Romantic,,,
36,312,"Nachdem ich ihm heftig nach seiner Zukunft fragte, wollte er den grund meines regen interesses wissen. ",Event,Romantic,,,
36,313,"Da ich es nicht sagte, wollte er dass, was er dachte in einen Brief schreiben und ich sollte dann ja oder nein sagen.",Event,Romantic,,,
36,314,"Nach 8 Tage länger beim Baden in seine augen sehen, und es wäre wie bei mir mit allen Männern die ich liebte: Nach einiger Zeit: passée —",Reflection,Romantic,,,
37,315,"Ich bin wie ein kleines Kind: alles muss ich mit Mühe haben, um es dann wegzuwerfen.",Reflection,Romantic,,,
38,316,Mit Leiner ganz nette Stunden verlebt: Fritz Rehfuß ist ja ganz artig geworden.,Event,Social,,,
38,317,Auch Meidel Armbeiter hat sich gemacht.,Event,Social,,,
38,318,Schade dass Fritz so endlos lang ist 1.92 mtr.,Reflection,Romantic,,,
38,319,"Unter seiner Schulter fing mein Kopf an, wenn ich hohe Absätze anhatte.",Reflection,Romantic,,,
38,320,Aber das hat ja keinen Zweck.,Reflection,Romantic,,,
39,321,Im Oktober 34 zur Kunstgewerbeschule gegangen.,Temp/Spat,Temp/Spat,,,
39,322,Hansi und Bubi sind da und zwar als große Könner bekannt.,Event,Social,,,
39,323,Ich habe heute bei Hansi und Hennies Portrait gesessen.,Event,Social,,,
39,324,Er ist süß.,Reflection,Romantic,,,
39,325,Wir lachten uns öfters an.,Event,Romantic,,,
39,326,"Hier tritt der satz als Rolfs Brief sich in die Wirklichkeit: “Die besten Freunde bleiben, wer sich nie erreichen kann!” Ich liebe Hansi nun schon uber ein Jahr.",Reflection,Romantic,,,
39,327,"Wurde ich ich ihm vielleicht naher kennen, dann wäre es sicher schon längst wieder alles passée.",Reflection,Romantic,,,
40,328,Am 1. Dezember 34 war 10 jahre Stiftungsfest der Hockeyabteilung.,Temp/Spat,Temp/Spat,,,
40,328,,Event,Social,,,
40,329,Es war einfach fabelhaft.,Reflection,Social,,,
40,330,"Zuerst waren alle bei Grusekopfs zu Bowle, und da gemeinsam in den Felten.",Event,Social,,,
40,331,"Ich tanzte mit Tesell, Mocco, Stimmel, Waldemar, Hans Becker, Plümmecke, Albrecht, Willie Richter, Bobby, etc. andauernd hatte ich abwechslung.",Event,Social,,,
40,332,Es machte mir riesigen spass.,Reflection,Social,,,
40,333,"Annemarie war mit günther da, der sich vorbeibenommen hat und die gingen um 2 uhr heim.",Event,Social,,,
40,334,Für mich war es ein wirklich nettes Fest.,Reflection,Social,,,
40,335,Meinen Eltern hat es auch gut gefallen.,Event,Social,,,
40,336,Mein Papa spendierte eine Runde Bier + etwas zu essen.,Event,Social,,,
40,337,Ihn gefielen die Jungs ganz groß!,Reflection,Social,,,
41,338,Am 15. Dezember 34 war von der Tennis-Abteilung ein Vergnügen im Stadium.,Temp/Spat,Temp/Spat,,,
41,338,,Event,Social,,,
41,339,Frau Albrecht und Frau Heustedt waren mit Tochter da.,Event,Social,,,
41,340,"Waldemar + Sigrid, Annemie saß mit Peppo Schiffer am Tischende und als Peppo Schiffer sagte, daß ich mich dazwischen setzen soll meinte Annemarie es wäre zu warm so eng.",Event,Social,,,
41,341,Diesen netten Peppo Schiffer der in ober-Prima geht habe ich sehr lieb denn er hat eine nette Art.,Reflection,Romantic,,,
41,342,Nimmt uns immer vom Tisch Tennis mit dem Auto mit nach Hause.,Event,Social,,,
41,343,So auch an diesem saudoofen Fest.,Event,Social,,,
41,344,"Erst fuhren wir alle heim, dann lud er mich ab.",Event,Social,,,
41,345,Wir verabredeten uns auf Montags beim Tisch-Tennis.,Event,Romantic,,,
41,346,Es war aber leider ausgefallen am Montag aber ich war als einzige dort.,Event,Romantic,,,
41,347,"Er frug heute Abend und log ich ihn an, da ich auch angab nicht dort gewesen zu sein, weil er nicht da war.",Event,Social,,,
41,348,"Heute war Texel mit dem Wagen da, nahm Annemie, Edill + Sigrid mit.",Event,Social,,,
41,349,Ich war dann noch mit Hans Plümmecke + Walter Kruse alleine.,Event,Social,,,
41,350,"Schiffer habe ich gefragt ob er mich mitnimmt, worauf er ja sagte ich stieg ein und los.",Event,Social,,,
41,351,Es war sehr langweilig so zu zweit.,Reflection,Social,,,
42,352,"Annemie ist ganz komisch, als ich doch sagte daß ich Toni gerne mochte, da haute sie auch schon mit ihm ab.",Event,Social,,,
42,353,Mir war es anfangs schwer; aber sah dann nur die schlechten Seiten von Toni (Harnischmacher) und lernte ihn vergessen.,Reflection,Romantic,,,
42,354,Mit Schiffer war es genau das selbe Theater.,Event,Romantic,,,
42,355,Auch mit Adehen Balk ist es ähnlich gegangen.,Event,Romantic,,,
42,356,"Na, ja und wenn der ganze schnee verbrennt, die asche bleibt mir doch",Reflection,Romantic,,*,
43,357,"Das Leben verweht, wie wolke blätter im Wind, nur Liebe bleibt ewig?",Reflection,Romantic,,*,
43,358,Bestehen!,Reflection,Romantic,,,
44,359,Sylvester 34-45 da gab mein Papa Sekt aus und ich schaute sehr tief ins Glas.,Temp/Spat,Temp/Spat,,,
44,359,,Event,Social,,,
44,360,Gab dann Kujou (Herr Evers) 1 Kuss!,Event,Romantic,,,
44,361,Der Mann ist aus eintracht hat 1 nette Frau die auch manchmal fremd geht!,Event,Social,,,
44,362,Komisch den ersten Kuss gab ich Herrn Schwarz!,Event,Romantic,,,
44,363,Nun dasselbe mit Kujou!!!,Event,Romantic,,,
44,364,"An diesem Abend ging um ¼ 1 Uhr Hans vorbei, er ging, als würde die ganze Sache für ihn nicht existieren.",Temp/Spat,Temp/Spat,,,
44,364,,Event,Romantic,,,
44,365,Natürlich habe ich mich in ihn verknallt von neuem.,Event,Romantic,,,
45,366,"Meinen Geburtstag habe ich leider garnicht gefeiert, da Mutti verreist, wegen Wohnung zu hause.",Event,Social,,,
45,367,Habe mich in den Sonderling Hans von neuen verknallt.,Event,Romantic,,,
45,368,Lerne ich ihn auf denn Kostümfest kennen?,Event,Romantic,,,
45,369,Ja!?,Event,Romantic,,,
45,370,Nein!!!?,Event,Romantic,,,
46,371,Auf Vineta setzte ich meine ganze Hoffnung; aber erstens kommt es anders und zweitens als man denkt.,Event,Social,,,
46,372,"Romy war im Abendkleid, ich mit roter Bluse + schwarz-seidener Hose da.",Event,Social,,,
46,373,Tante Else + Mama waren noch mit.,Event,Social,,,
46,374,Wilhelm Wolf hat mit Mama getanzt + Sekt getrunken!!,Event,Social,,,
46,375,Paul Dalwitz fand ich sehr nett.,Reflection,Social,,,
46,376,Oben im Sektzelt saß Rudi Müller Dalwitz + ich.,Event,Social,,,
46,377,"Schade, dass Hans so abgesondert mit Bubi war.",Reflection,Romantic,,,
46,378,Nur mit dem hat er sich unterhalten.,Event,Social,,,
46,379,"Er hat gefragt, ob sie für ihn mal sitzen wollte, statt mit ihm zu tanzen.",Event,Romantic,,,
46,380,Nur mit dem hat er sich unterhalten.,Event,Social,,,
46,381,"Ob sie für ihn mal sitzen wollte, statt mit ihm zu tanzen.",Event,Social,,,
46,382,"Mit Wallwitz hatte ich mich noch einige Male getroffen, aber er ist doch etwas anderes als Hans Jürgens.",Event,Romantic,,,
46,383,Schiffer war auch da und habe ich auch 1x mit ihm getanzt.,Event,Social,,,
46,384,Ein fabelhafter Mann: Horst Sommer!,Reflection,Romantic,,,
46,385,Leider tanzte er nur mit Vera Beutner!,Event,Romantic,,,
46,386,Hatte matrosenanzug und war braun.,Event,Social,YES,,
46,387,Also bildschirmschoner Bengel!!!!!,Event,Social,,,
46,388,Fahrt einen netten Adler Sport wagen.,Event,Social,,,
46,389,Hans Jürgens + Horst Sommer sind die 2 einzigen netten Leute hier.,Reflection,Romantic,,*,
46,390,Ich werde wohl bald mal nach außerhalb fahren müssen um mich mal tüchtig zu amüsieren!,Reflection,Romantic,,*,
46,391,Ich möchte einmal ganz so vom Herzen glücklich sein.,Reflection,Romantic,,*,
46,392,Wann???,Reflection,Romantic,,*,
46,393,Das ist die Frage!,Reflection,Romantic,,*,
46,394,Schule + schule hat man und sonst nichts.,Reflection,Romantic,,*,
47,395,"Wenn man ja Fortschritte sieht, dann ist man auch zufrieden!",Reflection,Romantic,,*,
47,396,"Es geht einem ja wohl sooo gut, wenn das Geld da ist, um den Schulbesuch zu ermöglichen.",Reflection,Romantic,,*,
47,397,Möge mir mein Vorhaben gelingen!,Reflection,Romantic,,*,
47,398,Nämlich ein tuchtiger kerl in meinen Beruf zu werden + meine höchste Pflicht + größte Aufgabe in deren erfüllung sehen.,Reflection,Romantic,,*,
48,399,"Der Mai ist leider in diesem Jahre nicht schön, da es regnet und ich doch so alleine bin.",Reflection,Romantic,,,
49,400,Ronny und Günther sind befreundet wahrend Annemarie mit Günther Lenker wieder entzweit ist.,Event,Social,,,
49,401,Günther ist jetzt bei den Fliegern.,Event,Political,YES,,
49,402,Sieht gut aus.,Event,Romantic,,,
50,403,Pfingsten den 18. Juni 35 Gehe zum Stadtbad baden mit Mama + Papa etc. ,Event,Social,,,
50,404,Günther Bendt kam zu mir her und begrüßte mich.,Event,Social,,,
50,405,"Setzte mich nachher an den tisch zu Bendt, der mich aufforderte ein glas Apfelsaft mitzutrinken.",Event,Social,,,
50,406,Bubi Hirschberger sass da auch mit am Tisch.,Event,Social,,,
50,407,Bendt bezahlte und wir legten uns dann in Liegestühle.,Event,Social,,,
50,408,Bubi war dann mal alleine beim baden und wir unterhielten uns sehr sehr gut.,Event,Romantic,,,
50,409,Als es neulich so regnete sollte ich um 4 uhr zu hause sein.,Event,Social,,,
50,410,Bin dann gegangen um 5 Uhr Bubi fuhr ebenso wie ich mit dem Rad.,Event,Romantic,,,
50,411,Bendt blieb am Stadtbad stehen.,Event,Social,,,
50,412,"Bubi fuhr im regen los, ich zog meinen Bademantel an.",Event,Social,,,
50,413,Wir zwei gingen dann zu Voigt.,Event,Romantic,,,
50,414,Kaffee trinken bis 7 Uhr.,Event,Romantic,,,
50,415,"Verabredeten uns auf den anderen Tag, nämlich Sonntag um 7 Uhr an der Ecke hier.",Event,Romantic,,,
50,416,"Es gab einen kleinen Krach zu hause, bin um 7 da gewesen.",Event,Social,,,
50,417,Wir sind Steinweg rauf gegangen und keiner wusste wohin wir wollten.,Event,Social,,,
50,418,An der Kaserne haben wir uns dann entschlossen zu “Anna + Elisabeth” zu gehen.,Event,Social,,,
50,419,Bubi stöhnte im Kino neben mir!,Event,Social,,,
50,420,"In der Moccastube waren wir dann noch anschließend, da sagte er dann, es wäre alles so komisch gewesen “so ganz anders” als wenn ich mit Hanne ins Kino gehe.",Event,Romantic,,,
50,421,Ich bin seine erste Liebe.,Event,Romantic,,,
50,422,Er ist ja ein goldiger netter Junge.,Reflection,Romantic,,,
50,423,Aber ich liebe halt Hans seinen besten Freund!!!,Reflection,Romantic,,,
50,424,"Bubi ist ja nett er holt mich so brav von der Schule abends ab, bringt mich morgens so artig hin, wenn wir uns nicht gerade verfehlen.",Reflection,Romantic,,,
50,425,"Aber ich liebe Hans, trotzdem H. sich sehr für Ruth Steinbrück interessiert.",Reflection,Romantic,,,
50,426,"Ich fühlte es aber vom 1. Tag an, als die in die Schule kam, daß Hans stark interessiert an ihr + sie an ihm war.",Reflection,Romantic,,,
50,427,"Abwarten — mit Bubi so weiter vielleicht kann ich Hans garnicht mehr leiden, wenn ich ihn näher kenne.",Reflection,Romantic,,,
50,428,"Aber ich möchte doch zuerst meinen Willen haben den Bubi hat mache Mängel, muss man die bei jedem entdecken?",Reflection,Romantic,,,
50,429,Und hinnehmen???,Reflection,Romantic,,,
51,430,"Sonntag, den 20. Juni 35
Mit Bubi verabredet beim Baden, dass wir um 8 Uhr ausgehen wollen.",Event,Romantic,,,
51,431,Bubi ging um 2 Uhr heim + ich blieb noch da mit Bendt.,Event,Social,,,
51,432,Wir unterhielten uns ganz fabelhaft.,Event,Romantic,,,
51,433,Bendt brachte mich nett nach Hause.,Event,Social,,,
51,434,Mit Bubi spazieren gegangen nach Riddagshausen.,Event,Social,,,
51,435,Auf 1 kl.,Event,Social,,,
51,436,"Bank in der Buchhorst, war unser erstes Stelldichein - - - Bubi küsst ja fabelhaft.",Event,Romantic,,,
51,437,Um 12 Uhr war ich zu Hause.,Temp/Spat,Temp/Spat,,,
51,438,Bubi ist ja süß!,Reflection,Romantic,,,
51,439,Trafen Irene!!!,Event,Social,,,
52,440,"Mittwoch beim Baden mit Bendt Bubi, Rühne, Bienwisch war prima habe aber die Zeit verpasst, um 6 Uhr fiel es mir ein dass ich ja schule hatte.",Event,Social,,,
52,441,Bubi dann auch nicht zur Schule im Parkhaus saßen wir 2 bei Erdbeeren + mit Sahne.,Event,Romantic,,,
52,442,Er schrieb mir auf 1 Zettel so allerlei ich begann auf seiner Mundharmonika zu spielen.,Event,Romantic,,,
52,443,Angefasst gingen wir dann durch den Park nach Hause.,Event,Romantic,,,
53,444,"Am Donnerstag hatten wir uns mit den Rädern verabredet, sagte allerdings daheim, dass ich baden ginge.",Event,Social,,,
53,445,"Wir fuhren in die Buchhorst, hatte Hosenrock an + blaue bluse.",Event,Social,,,
53,446,Auf seinen Knien saß ich und wir hatten einander so lieb.,Event,Romantic,,,
54,447,Samstag standen wir 2 ½ Stunden vor der Tür und redeten über alles.,Event,Romantic,,,
54,448,"Hans macht Spuk, das ich sein Bild geklaut habe.",Event,Social,,,
54,449,"Kühne zieht Bubi auf, dass ich auf dem Klassenabend Bubis Dame sein soll, während ich zur Diebin geworden wäre an dem Bild von Hans.",Event,Romantic,,,
54,450,Er ist ja schon ein Egoist!,Reflection,Social,,,
54,451,glaube auch leicht größenwahnsinnig oder 1 geistlicher klapps.,Reflection,Social,,,
54,452,Bendt liebt sich so sehr.,Reflection,Social,,,
55,453,"Samstagabend waren wir nun im “Lustigen Füsilier"" haben 1x angefangen zu tanzen, war aber zu voll!",Event,Social,,,
55,454,"Arm in Arm sind wir bei Bendt vorbei, der aber leider schon schlief.",Event,Romantic,,,
55,455,War recht nett.,Reflection,Romantic,,,
56,456,"Sonntag Morgen, den 30. Juni 35
Mit Bubi spazieren nach Riddagshausen am Lünischteich vorbei, trafen im Riddagshausen.",Event,Romantic,,,
56,457,"Ruth Rose, die drohte + sagte “das dürfte ich aber nicht.",Event,Social,,,
56,458,"[“] Als wir uns tief in die Augen sahen in Prinzenpark, da fuhr sie wieder an uns vorbei.",Event,Romantic,,,
56,459,Inge Stumbeck sahen wir a.d. Paulikirche.,Event,Social,,,
56,460,Kramer sahen wir fast jeden Tag.,Event,Social,,,
57,461,"Im Juli folgten die schönen Tage von Riddagshausen: “many cisses” Es war herrlich, wenn nur nicht so oft eine Hemmung, durch den Gedanken an Hans, gekommen wäre.",Reflection,Romantic,,,
57,461,,Event,Romantic,,,
57,462,"Am 14. Juli war Leni oben + Bubi auch, aber nur kurz.",Event,Social,,,
57,463,"Auch an einem Julitag war es, als Bubi oben war und Mama kam, sah aber Bubi der hintenrum raus ging nicht.",Event,Romantic,,,
58,464,"Am 20. Juli war Bubi oben bei uns am krankenbett, es war sonnabends.",Event,Romantic,,,
58,465,Am 21. Sonntag regnete es und ich war bei Bubi.,Event,Romantic,,,
58,466,"Er nahm mich in den arm, als seine schwester und sein schwager wegwaren.",Event,Romantic,,,
58,467,Er war ja so sehr nett.,Reflection,Romantic,,,
59,468,Am 30. Juli waren wir auf den Scherpelberg und haben unsinn gemacht.,Event,Romantic,,,
59,469,Es war so nett.,Reflection,Romantic,,,
60,470,Am 31. Juli waren wir spazieren im Bürgerpark und wir hatten einander so lieb daß wir uns immerwieder küßten.,Event,Romantic,,,
60,471,Um 12 Uhr war ich erst daheim.,Temp/Spat,Temp/Spat,,,
61,472,"Am 9. August 35 mit Bubi in Barcarole, er war so nett.",Event,Romantic,,,
61,473,"Kann man einen Menschen so betrügen, wie ich Bubi?",Reflection,Romantic,,,
62,474,Kam dann erst nach Mannheim wo ich mit Hertel Volz + Dr. Haeffner weg war.,Event,Social,,,
62,475,"Bei Loeb eingeladen, sehr nett.",Event,Social,,,
62,476,Mit Hamburger + Benda in Heidelberg bei Hans Baer + mit Fritz eingeladen.,Event,Social,,,
62,477,"Bei Else Fuchsschwanz in Wiesbaden im Opelbad, Bad Homburg so klool Leutchen getroffen.",Event,Social,,,
62,478,Else ist ein goldiger Kerl.,Reflection,Social,,,
62,479,Mit Gerlinger verabredet und dann auch 1 feine Pfalzstreife gemacht.,Event,Social,,,
62,480,Sämtliche Weinorte abgeklappt.,Event,Social,,,
62,481,Prima ist der Wein.,Reflection,Social,,,
62,482,— In Heidelberg bei Botes ein feiner goldblonder junger Mediziner.,Event,Romantic,,,
62,483,"4 junge Engländerinnen haben sich um ihn bemüht, und ich hatte Chancen, aber sie blieben unbenutzt.",Event,Romantic,,,
62,484,Mit Binger bei Reifs Tisch-Tennis gespielt.,Event,Social,,,
62,485,Rolf ist doch ein prima Kerl.,Reflection,Romantic,,,
63,486,"Ende September 35 zurückgekehrt und festgestellt, daß man mich beim Hockeyclub raus haben will.",Event,Social,YES,,
63,486,,Event,Political,,,
63,487,"Na, dann wird im Winter Ski gelaufen und im Sommer geschwommen.",Reflection,Political,,,
63,488,"Ich sagte auch bei Spaziergang auf dem Franzschen Feld, das ich Hans liebe mit jeder Faser meines Herzens.",Event,Romantic,,,
64,489,13. Oktober 35 bei Bubi daheim.,Temp/Spat,Temp/Spat,,,
64,490,Bubi wollte mich zei dass wir bei ihm Kaffee tranken.,Event,Social,,,
64,491,"Nahm mich auf dem Sofa mal in den arm aber ich wollte das nicht, dann ich dachte immer noch an Hans.",Event,Romantic,,,
65,492,16. Nov. 35 mit Bubi “Stradivari” es war fabelhaft.,Event,Social,,,
66,493,18. Nov. 35 Polterabend bei Irene.,Event,Social,,,
67,494,19. Nov Hochzeit bei Belz.,Event,Social,,,
68,495,"Haidi warmte mir im Auto meine Hände, sah das aber, wie er mir nachher sagte, als 1 Annäherunggrund an.",Event,Social,,,
68,496,Am 21. Nov. ging ich mit Bubi Bürgerpark.,Event,Romantic,,,
68,497,Er sagte: auf ich dir erst sagen wie lieb ich dich habe!,Event,Romantic,,,
68,498,Many cisses!!!,Event,Romantic,,,
68,499,Mit Bubi Ende Nov. 35 in Mazurka war ganz fabelhafter Film.,Event,Romantic,,,
69,500,9. Dez. mit Heidi bei den 3 Lust[igen] Gesellen.,Event,Social,,,
69,501,"12. Dez mit Haidi im Victoria und machte er mir eine Liebes erklärung : Ich kann mir garnicht denken wie man ihnen etwas sagen konnte was sie kranken konnte, etc, etc”
13. Dez. Freitag 35 bei Irene zum Kaffee mit Mama.",Event,Social,,,
69,502,Sie wohnt sehr nett + war auch nett.,Reflection,Social,,,
69,503,Zeigte uns auch gleich die Bilder von Hans + Bubi + ihr vom Lünischteich mit Bubi bei Voigt.,Event,Social,,,
69,504,"Irene, Hans + Haidi holten mich gerade als ich mit Bubi unten stand mit dem auto ab.",Event,Social,,,
69,505,Waren im Ratskeller.,Temp/Spat,Temp/Spat,,,
70,506,"21. Dez. 35 mit Bubi am Löwenwall unten geküsst, im Schneegestöber bis ½ 1 Uhr.",Event,Romantic,,,
70,507,"Spielzeug sei ich sagte ich, aber da sagte er, dass er mich so lieb hatte.",Event,Romantic,,,
70,508,Nahm meine Skier noch um ½ 0 Uhr mit heim.,Event,Social,,,
71,509,22. nach Ulm.,Temp/Spat,Temp/Spat,,,
71,510,29. In Frankfurt im Schuhmann Theater mit Lehmann über die Autobahn heim.,Event,Social,,,
71,511,Sylverster mit Walter in den Lagerhallen bei Kahn.,Event,Social,,,
71,512,"Lehmann fuhr bald heulend, blau Heim.",Event,Social,,,
71,513,Mir vertriet man die Zeit.,Reflection,Temporal,,,
71,514,Mit Ford tanzte ich und wettete dass er mir der Meyer + der ‘anderen’ die ihn so am Bendel hielt heim ginge.,Event,Romantic,,,
71,515,"Verlor die Wette, die um 1 Kuss ging.",Event,Romantic,,,
71,516,Wir paßten so prima in der Größe zusammen.,Reflection,Romantic,,,
71,517,So wurden aus einem einige.,Reflection,Romantic,,,
71,518,Mit Mann + Walter + Frl. Simon heim.,Event,Social,,,
72,519,Nun ist schon wieder geraume Zeit vergangen.,Reflection,Temporal,,,
72,520,Die kleine Meyer ist schon längst an einer Blinddarmoperation in der Schweiz gestorben.,Event,Social,,,
72,521,In der Schule geht es immer den alten Trott!,Event,Social,,,
72,522,Lenta Schuhmacher ist ein lieber kerl mit der ich jetzt öfters zusammen bin.,Reflection,Social,,,
72,523,Sie haben ein schönes Haus und sind wirklich sehr nette Leute.,Reflection,Social,,,
72,524,Auch hatte Lenta dieselben Pläne wie ich beruflich.,Reflection,Social,,,
72,525,Ein modernes Atelier mit allerfeinster Kundschaft.,Reflection,Social,,,
72,526,Aber wer weis wie und was noch alles kommt.,Reflection,Temporal,,,
72,527,Ob ich meine Prüfung machen kann.,Reflection,Social,,,
72,528,In der Lehre war ich ja 14 Tage bei Frl. Harwerte.,Event,Social,,,
72,529,Schoner war es aber doch in der Schule.,Reflection,Social,,,
72,530,Vor allem lange nicht so anstrengend.,Reflection,Social,,,
72,531,"Den Frühling konnte man so schon in seiner Freizeit beobachten wenn ich wie mit Bubi die Natur besah, so war das jedesmal ein Erlebnis.",Reflection,Romantic,,*,
72,532,Himmelfahrt waren wir beide bei Lenta auf der Terrasse hatte sie einen netten Tisch aufgebaut.,Event,Social,,,
72,533,Tanzten auch sehr nett zusammen.,Event,Social,,,
72,534,"Auch war eines abends Bubi Lenta Ullerich, Clausen, Helga + ich da.",Event,Social,,,
72,535,Es war an Lentas Geburtstag.,Event,Social,,,
72,536,Wir holten Bubi zu 3 von der Bahn ab.,Event,Social,,,
72,537,Alles in allem ein schöner Tag.,Reflection,Social,,,
73,538,Am 27. Juni kamen wir beim Spaziergang in einen Regenguss.,Event,Social,,,
73,539,Bubi’s Hose war total naß.,Event,Social,,,
73,540,Mein Mantel und Bluse.,Event,Social,,,
73,541,Wir waren ein aufgeweichter Klumpen.,Event,Social,,,
73,542,Es war aber schön.,Reflection,Social,,,
73,543,"Ich fühlte, daß ich zu Bubi gehörte.",Reflection,Romantic,,*,
73,544,"Es gab keine Spannung sondern eine schöne ausgeglichene, glückliche melodische Stimmung.",Reflection,Romantic,,,
73,545,Er geht mittags mit mir nach Hause + holt mich dann um ½ 6 Uhr ab.,Event,Romantic,,,
73,546,Ob wir uns zur Schule oder spazieren oder ins Kino oder mit dem Rad ins Grüne begeben kommt ganz auf die Stimmung an.,Event,Romantic,,,
73,547,"Am 28. Mai waren wir zwei am Gaußberg Ich fühlte, das, was vor mir noch kein Mädel angefasst hatte.",Event,Romantic,,,*
73,548,"Dann kam die Fahrt nach Ulm die ich recht unlustig machte, denn es war gerade Pfingsten 1 Jahr her, das wir uns kennen gelernt hatten.",Event,Social,,,
73,549,Andauernd suchte ich in Ulm schöne Dinge für Bubi aus.,Event,Romantic,,,
73,550,Sonnabends fuhren wir hier ab.,Temp/Spat,Temp/Spat,,,
73,551,War dann auch mit Lehmann zusammen und mit Mann + Walter im Europäischen Hof.,Event,Social,,,
73,552,Die Fahrt war schön.,Reflection,Social,,,
73,553,Rechts + links wiesen mit schonen Feldblumen geschmuckt.,Event,Social,,,
73,554,Dazu kam langsam die hereinbrechende Nacht.,Temp/Spat,Temp/Spat,,,
73,555,"Alles war so schön still, so ruhig und wünschte ich mir nur Bubi neben mir und dann das nötige Kleingeld in der Tasche.",Reflection,Romantic,,,
73,556,Bis an mein Lebensende konnte es so gehen.,Reflection,Romantic,,,
73,556,,Reflection,Temporal,,,
74,557,Ostern war Romy mit in Ulm 8 Tage seit dieser Zeit hatte sie mit Gr. Fuchs Freundschaft geschlossen.,Event,Social,,,
74,558,War bis heute noch nicht bei mir.,Event,Social,,,
74,559,Es hat mich sehr enttäuscht aber es ist besser so.,Reflection,Social,,,
75,560,Im Januar waren wir in Braunlage.,Temp/Spat,Temp/Spat,,,
75,561,Elmy + ich und wäre in der Pension wo Frau Hohnstein war.,Event,Social,,,
75,562,Bubi kam noch und Lenta einen Tag später.,Event,Social,,,
75,563,"Es waren herrliche, unvergessliche Stunden.",Reflection,Social,,,
75,564,"Bubi meine este richtige, große Liebe.",Reflection,Romantic,,,
75,565,Mein erster längerer aufenthalt im Schneegelande.,Temp/Spat,Temp/Spat,,,
75,566,So eine richtige Erholung.,Reflection,Social,,,
75,567,Schöne Skitouren im schönen gelände mit angenehmen Menschen.,Event,Social,,,
75,568,Eines Abends besuchte mich Bubi im Zimmer!,Event,Romantic,,,*
75,569,"Frau Erwig bemühte sich sehr um Bubi besonders in Cafe Dietze, ich tanzte sodann mit anderen.",Event,Romantic,,,
75,570,Wir haben uns aber wieder vertragen.,Event,Social,,,
75,571,Es war noch ein netter abschluss mitt Brettern heim!,Event,Social,,,
75,572,Lenta Bubi + ich trabten im Regen bepackt los.,Event,Social,,,
75,573,"Im Königskrug trafen wir Karl, der mit seiner Freundin + Lenta nach Harzburg mit den Omnibus fuhr.",Event,Social,,,
75,574,"Wir zwei zogen mit Brettern los, da unser Geld soweit alle war.",Event,Social,,,
75,575,28 km durchnässt kamen wir früher an als die Omnibustruppe.,Temp/Spat,Temp/Spat,,,
75,576,Karl bezahlte das Essen + führte im Zug jeweils heim.,Event,Social,,,
75,577,Todmüde lehnten wir uns an Bubi.,Event,Romantic,,,
75,578,[ILLUSTRATION] Die Bilder von Frau Handug sind eine nette Erinnerung.,Reflection,Social,,,
76,579,"10. Juni 1936
Heute ging mir ein Stich durchs Herz.",Reflection,Romantic,,,
76,580,Etwas was mir noch nie passiert ist.,Reflection,Romantic,,,
76,581,Bubi traf ich um 7 Uhr.,Event,Romantic,,,
76,582,"Er war sehr kurz und sagte nur ich sollte um 11 Uhr nicht auf ihn warten, er müsse zum Markt.",Event,Romantic,,,
76,583,"Lenta meinte wir sollen uns um 11 beeilen, Bubi hätte es gesagt.",Event,Social,,,
76,584,Unten trafen wir 3 uns.,Event,Social,,,
76,585,d.h: wir haben auf ihn gewartet.,Event,Social,,,
76,586,Vor uns ging Rute mit Sunne.,Event,Social,,,
76,587,Rute stieg in ihren Wagen und wartete.,Event,Social,,,
76,588,"Bubi ging mit uns es entspann sich folgender Dialog
Ich: Ich dachte du musst zum Markt.",Event,Romantic,,,
76,589,Bubi: Ja muss ich auch noch ich kam vorher nicht dazu.,Event,Romantic,,,
76,590,"Ich: Oh, da ist ja Rute, die kann dich ja hinfahren.",Event,Romantic,,,
76,591,Bubi: Ihr könnt ja auch mitfahren.,Event,Romantic,,,
76,592,Ich: Das kommt garnicht in Frage.,Event,Romantic,,,
76,593,Geh schon hin.,Event,Romantic,,,
76,594,Los geh.,Event,Romantic,,,
76,595,Aufwiedersehen.,Event,Romantic,,,
76,596,Bubi: aufwiedersehen!,Event,Romantic,,,
76,597,Gab nur Lenta die hand.,Event,Romantic,,,
76,598,"Ich dachte er kommt mit uns, aber er ging setzte sich neben Rute und ab.",Event,Romantic,,,
76,599,Ich war wie vom Blitz gerührt.,Reflection,Romantic,,,
76,600,So richtig wie ein vergifteter Pfeil traf es mitten ins Herz.,Reflection,Romantic,,,
76,601,Ein kleiner Schmerz blieb es noch lange Zeit.,Reflection,Romantic,,,
76,602,In der Stadt sah ich am Kohlmarkt den Wagen stehen.,Event,Romantic,,,
76,603,Am Gewandhaus kam Bubi gerade mit Rute über die Straße.,Event,Romantic,,,
76,604,Ich bog gleich rechts um die Ecke.,Event,Romantic,,,
76,605,Er sah mich bestimmt – Ruth die elende Biest.,Event,Romantic,,,
76,606,aber gute Miene zum bösen Spiel ist das Richtige.,Event,Romantic,,,
76,607,Wie’s da drinnen aussieht geht niemand was an.,Reflection,Romantic,,,
76,608,"
Wie es früher so schon immer zu denken ein mensch ist da

auf der Welt, der hat viel für dich uber, der hat dich gern.",Reflection,Romantic,,*,
76,609,Ein Herz schlägt für mich.,Reflection,Romantic,,*,
76,610,aber ist auf keinen Mann ein Verlass?!!!,Reflection,Romantic,,,
76,611,Ich dachte Bubi war eine Ausnahme!,Reflection,Romantic,,,
76,612,Was tun?,Reflection,Romantic,,,
76,613,"Nein, nicht beleidigt sein.",Reflection,Romantic,,,
76,614,Ironie!,Reflection,Romantic,,,
76,615,Hilft.,Reflection,Romantic,,,
76,616,Wenn man nicht jeden Tag das gleiche Bild vor Augen hat (Rute Bubi Bubi Ruth) dann gelinge es.,Reflection,Romantic,,,
76,617,Als Belohnung traf ich Papa.,Event,Social,,,
76,618,"Bei Salge Basilius traf Papa Herrn Brandes von Dürkopp, der gleich die Sache wegen meinen Autofahren perfekt machte.",Event,Social,,,
76,619,Pappa hat mich somit angemeldet!,Event,Social,,,
76,620,Gleich am anderen Tag geht es los.,Event,Social,,,
76,621,Obwohl Papa in Bielefeld ist.,Event,Social,,,
76,622,Bubi bekommt es nicht gesagt.,Event,Romantic,,,
76,623,Leider hatte ich dazu gar keine Gelegenheit.,Event,Romantic,,,
76,624,Bubi traf Mama die es ihm sagte.,Event,Social,,,
76,625,Heute am Mittwoch traf ich Bubi als ich zur Schule gehen wollte.,Event,Romantic,,,
76,626,"Er kam von der Penne, drehte aber um und ging mit mir hin.",Event,Romantic,,,
76,627,"Ich ging schneller, da ging er langsam in die Klasse.",Event,Romantic,,,
76,628,Ich rauf in die klasse.,Event,Romantic,,,
76,629,"Hatte 2 hefte vergessen und eilte nun zum Telefonhäuschen sagte Papa bescheid, das er mir die Hefte mit dem Wagen vorbeibringt.",Event,Social,,,
76,630,An der Ecke wartete ich.,Event,Social,,,
76,631,Da kam Bubi von der schule.,Event,Romantic,,,
76,632,Blieb bei mir stehen.,Event,Romantic,,,
76,633,Begrüßte meine Eltern dann sagte ich dummerweise?,Event,Romantic,,,
76,634,"Als Rute oben Steintorwall mit dem wagen hupte Bubi sollte sich beeilen, denn da oben wurde Ruth warten.",Event,Romantic,,,
76,635,Aus diesen grunde ging er ja doch weg.,Event,Romantic,,,
76,636,Nein er müsse sich 1 Bogen holen war die Antwort.,Event,Romantic,,,
76,637,Ein spöttisches lächeln war meine antwort.,Event,Romantic,,,
76,638,Er brachte mich zur schule und ging.,Event,Romantic,,,
76,639,Brachte mich heim.,Event,Romantic,,,
76,640,Lenta ging allerdings auf seinen ausdrücklichen wunsch mit.,Event,Romantic,,,
76,641,Ich hatte aber noch keine Lust und brachte Lenta + Bubi zu Lenta heim.,Event,Romantic,,,
76,642,Bubi ging alsdann wieder mit mir heim.,Event,Romantic,,,
76,643,Stillschweigen auf dem ganzen weg.,Event,Romantic,,,
76,644,Am Donnerstag holte ich die Hefte aus der Klasse bei Bubi da das die Seines gerne wollte.,Event,Romantic,,,
76,645,Mittags ging ich alleine heim!,Event,Social,,,
77,646,Musste abends zu Minden.,Event,Social,,,
77,647,"Da sass Bubi in der Fensterbank, da er zu kö. Ging.",Event,Romantic,,,
77,648,"Ich war voll guter laune, da meine erste fahrstunde beendigt war, also ging rauf zu Bubi sagte guten Tag.",Event,Romantic,,,
77,649,Nebenan saß Gunne!,Event,Social,,,
77,650,die weg ging.,Event,Social,,,
77,651,Sprachen kaum etwas.,Event,Romantic,,,
77,652,"Unten traf ich Wilhelm, der mich nach meinen grund der glänzenden Laune fragte.",Event,Social,,,
77,653,"In der pause kamen Bubi + Rute zusammen runter, gerade als ich wegging.",Event,Romantic,,,
77,654,Ich besuchte Lenta die mir mir wieder zur schule ging.,Event,Social,,,
77,655,Bubi ging mit mir heim.,Event,Romantic,,,
77,656,Wieder eisige Stillschweigen.,Event,Romantic,,,
77,657,– Freitag sagte Lenta ich wäre verruckt.,Event,Romantic,,,
77,658,Nur weil ich immer “Stichele” wurde es Bubi tun.,Event,Romantic,,,
77,659,Am Samstag trafen Mutti und ich Bubi.,Event,Romantic,,,
77,660,"Er ging um 11 Uhr nicht mit, sondern sagte er müsse noch arbeiten.",Event,Romantic,,,
77,661,"Ich habe gepfiffen als mich Mutti darauf aufmerksam machte, dass da Bubi fährt.",Event,Romantic,,,
77,662,"Bubi kam her und sagte, das er bis eben gearbeitet habe.",Event,Romantic,,,
77,663,Wir haben uns nicht für den anderen Tag verabredet.,Event,Romantic,,,
77,664,"Abends ging ich zu Lenta, die dann bei uns Abendbrot als wir gingen zusammen nach Borner und aßen Eis.",Event,Social,,,
77,665,— Mir war es so komisch am Samstag unseren Kinotag mit Lenta im Borner zu sitzen.,Reflection,Romantic,,,
77,665,,Reflection,Social,,,
77,666,Bubi sei bei Hanne.,Event,Romantic,,,
77,667,Wieso weiß Lenta mehr als ich?,Reflection,Romantic,,,
78,668,Sonntag 14. Juni 1936,Temp/Spat,Temp/Spat,,,
79,669,"Montag den 15. Juni erzählte mir Lenta, dass Bubi morgens ihren Kittel gebracht hätte.",Event,Romantic,,,
79,670,Nachmittags sei er zum Zeichnen dort gewesen.,Event,Romantic,,,
79,671,"Nachmittags war er auch dort, bis abends um 11 uhr.",Event,Romantic,,,
79,672,"Ich habe es mir ja gedacht, dass er dort sei.",Reflection,Romantic,,,
79,673,Beim Nachmittags extra nicht hin.,Event,Romantic,,,
79,674,"Sollte zu Lenta zum Kaffe kommen da es regnete und ich mich auch ärgerte, das Bubi nicht mal anrufen konnte ging ich nicht weg, sondern blieb zu hause.",Reflection,Romantic,,,
79,675,Denen hat ja der Kuchen sooo viel besser geschmeckt.,Reflection,Romantic,,,
79,676,Diese 2 ganz alleine zu hause.,Event,Social,,,
79,677,"Na, ja wenn doch nur stets mein Kopf gesiegt hatte, wie mein Horoskop befiehlt",Reflection,Romantic,,,
80,678,Freitag den 16. Juni 36 was mir heute passierte wünsche ich bestimmt keinem Menschen.,Temp/Spat,Temp/Spat,,,
80,679,Wir gingen zu Mohr.,Temp/Spat,Temp/Spat,,,
80,680,Ich traf Bubi mit Rute Heinbruck zusammen kamen sie die Treppen runter + Bubi grüßte mit “Heil Hitler”.,Event,Political,YES,,
80,680,,Event,Romantic,,,
80,681,Aber trotzdem ging ich in die Klasse + lieh mir einen Kleistertopf von Bubi.,Event,Romantic,,,
80,682,Spannte mir einen Bogen auf.,Reflection,Romantic,,,
80,683,Unten stand schon Rute neben Bubi.,Event,Romantic,,,
80,684,"Als Lenta um ¾ Stunden später ankam wollte Bubi ihr entgegen, dass da ein aufgespannter Bogen für sie sei.",Event,Romantic,,,
80,685,Das tat früher Bubi für mich.,Reflection,Romantic,,,
80,686,Aber heute ?!!!,Reflection,Romantic,,,
80,687,Für Lenta!,Reflection,Romantic,,,
80,688,Wir gingen dann zusammen nach Hause ohne ein Wort zu reden.,Event,Romantic,,,
80,689,"d. h. Ich sagte, dass das so doch nicht weiter gehen könne.",Event,Romantic,,,
80,690,War dabei innerlich bereit mich zu entschuldigen.,Reflection,Romantic,,,
80,691,Aber dann kam ein einiges Stillschweigen.,Event,Romantic,,,
80,692,Vor der Türe wartete schon der Fahrlehrer Schroeder.,Event,Social,,,
80,693,Papa kam gerade von Bielefeld.,Temp/Spat,Temp/Spat,,,
80,694,"Wir gingen heim, sagten guten Tag.",Event,Social,,,
80,695,Papa ging rauf.,Event,Social,,,
80,696,Dann kam das Entscheidende meines Lebens.,Reflection,Romantic,,,
80,697,"Es hat keinen Sinn, sich Pläne zu machen.",Reflection,Temporal,,*,
80,698,Was bauten wir doch für herrliche Luftschlösser.,Reflection,Temporal,,*,
80,699,"Auf meine Frage dass es so bloß nicht weitergehen könne, kam nur ja das finde ich auch.",Event,Romantic,,,
80,700,Ich waren wie erschlagen.,Reflection,Romantic,,,
80,701,Beide hatten wir nasse Augen.,Event,Romantic,,,
80,702,Bubi sagte mit eisiger Stimme.,Event,Romantic,,,
80,703,"Wir konnen noch zusammen sein, nur muss da vieles geändert werden.",Event,Romantic,,,
80,704,Ich bat ihr er solle heute abend etwas Zeit fur mich haben.,Event,Romantic,,,
80,705,"Nein, es geht nicht.",Event,Romantic,,,
80,706,"“Bubi das kann doch garnicht sein” stammelte ich “das geht doch garnicht, das ist nicht ein ernst!”",Event,Romantic,,,
80,707,Nein es geht nicht ich habe keine Zeit.,Event,Romantic,,,
80,708,"Lebewohl war sein letztes wort, Ich wollte ihn Mittwoch also morgen den 17.6.36 abholen von der Schule.",Event,Romantic,,,
80,709,aber schon heute morgen merkte ich etwas bei der Kostümgeschichte.,Reflection,Romantic,,,
80,710,"Ich erzählte Lenta + fragte, als sie ganz komisch sagte: Ich kann dazu nichts sagen – du hast es ja so gewollt!”",Event,Romantic,,,
80,711,So ein Mist!,Reflection,Romantic,,,
80,712,"Aber Bubi hat durch Lenta anscheinend erfahren, dass ich augenblicklich meine ganze sympathie Bubi zu-geweendet habe.",Event,Romantic,,,
80,713,Also war eben die aller-empfindlichste stelle zu treffen.,Reflection,Romantic,,,
80,714,"Zuerst dachte ich, ich werde irre.",Reflection,Romantic,,,
80,715,"Musste dies alles gleich Mutti erzählen, die mich fein tröstete: “wenn das die ganze Liebe war wenn das an einem so dunnen faden hängt, dann ist es besser so.”",Event,Romantic,,,
80,716,Der grund is ja unsinn!,Reflection,Romantic,,,
80,717,Bubi hatte ja in aller ruhe sagen konnen das er eine andere Freundin habe und wir doch lieber schluss machen wollen.,Reflection,Romantic,,,
80,718,Abends ging ich nicht zum theoretischen unterricht sondern zur schule.,Temp/Spat,Temp/Spat,,,
80,719,Lenta hatte mittags von Bubi besuch + wusste daher das jetzt endgültig Schluss zwischen Bubi + mir war —------,Event,Social,,,
80,720,Bubi ging mit Lenta per Arm aus!!,Event,Romantic,,,
80,721,Das sind jedesmal stiche die mitten durchs <3 gehen.,Reflection,Romantic,,,
80,722,Vielleicht nur die Eitelkeit weil man sich jetzt so zurückgesetzt fühlt.,Reflection,Romantic,,,
80,723,Oder wirkliche Liebe?,Reflection,Romantic,,,
80,724,Lenta ist aber doch sehr falsch: sollte das Spiel schon längere Zeit so gehen?,Reflection,Romantic,,,
80,725,Ich ahnungsloser Engel bringe aber die 2 noch zusammen; dann ohne mich hatten die sich ja niemals kennengelernt.,Reflection,Romantic,,,
80,726,"Da denkt man schon an die Zukunft macht plane, da ein Strich + alles ist aus.",Reflection,Temporal,,*,
80,727,"Man halt das fur sooooo wichtig + da kommt ein Schicksalsschlag, der alles Dagewesene in den Schatten stellt.",Reflection,Temporal,,*,
81,728,Der 21. Juni auf dem Wege nach Hahnenklee der umfall mit Papa.,Event,Social,,,
81,729,"Die schrecklichen stunden im Krankenhaus – der Anblick von Bent Knochen – Munte – mama – Raab – In meiner Angst + Erregung zu Bubi, denn zu wem sonst?",Event,Social,,,
81,730,Er kam gleich mit zu uns.,Event,Romantic,,,
81,731,Kam fast jeden Tag.,Event,Romantic,,,
81,732,Am 24. War Lenta da + Bubi sehr nett.,Event,Romantic,,,
81,732,,Event,Social,,,
81,733,Peppo fuhr mich nach Wolfenbüttel.,Event,Social,,,
81,734,Bubi kam und holte mich ab.,Event,Romantic,,,
81,735,Begrüßte meine mutter.,Event,Social,,,
81,736,Peppo fuhr uns dann heim.,Event,Social,,,
81,737,Bubi kann noch mit zu uns rauf.,Event,Romantic,,,
82,738,Am 28. schrieb Bubi an Karl in Meinen Namen einein brief.,Event,Social,,,
83,739,Am 3. Juli 36 brachte mich Bubi in der schule runter + wollte mich unterhaken.,Event,Romantic,,,
83,740,"Meine antwort war: entzug des armes + “nein nicht jede,!” ",Event,Romantic,,,
84,741,Am 5. Juli war Bubi mit Karl bei mir blieben zum Abendbrot.,Event,Social,,,
84,742,"Günter Fischer war da – Bubi rief Clausen an, der dann Leni Bescheidsagte.",Event,Social,,,
85,743,Am 8. mit Renate uber den Fall “Senter - Bubi” gesprochen.,Event,Romantic,,,
85,744,Die ganze Schule fände es empörend.,Reflection,Romantic,,,
86,745,"Am 12. Kam Bubi Nachmittags + blieb bis gegen 10 it was, then it was nothing before “he was lying in me arm on the sofa”",Event,Romantic,,,
87,746,Am 13. Bubi vollig durchnässt bei mir.,Event,Romantic,,,
87,747,Getrocknet + Radio gehort mit Fahrlehrer Schroder bei Fisher.,Event,Romantic,,,
88,748,Am 15. Prufung bestanded mit Schroder bei Fedder.,Event,Social,,,
88,749,Ab und zu kam Bubi.,Event,Romantic,,,
88,750,Ich jeden Tag nach Wolfenbüttel da Papa so schwer lag.,Event,Social,,,
88,751,Grossmutter kam dann nach Hause.,Event,Social,,,
89,752,Am 5 Aug. mit Ronny in die stadt Lenta + Bubi perm arm auf dem Bohlweg.,Event,Social,,,
89,752,,Event,Romantic,,,
89,753,Um 16 uhr!,Temp/Spat,Temp/Spat,,,
90,754,Am 9. mit Bubi ins Kino.,Event,Romantic,,,
90,755,"Er kamm hielt mit dem Rad unten, ich kam gerade von Baden.",Event,Romantic,,,
90,756,"Wenn ich Lust hatte, sollte ich um 20 uhr unten sein, denn wir konnen dann zusammen ins Kino gehen.",Event,Romantic,,,
90,757,Wenn ich nicht besseres vorhatte käme ich.,Event,Romantic,,,
90,758,Ich kann.,Event,Romantic,,,
90,759,Er hatte ein Taschengeld von mir aber im kittel — Kino war sehr nett.,Event,Romantic,,,
90,760,Er kaufte papa noch eine zeitung.,Event,Romantic,,,
90,761,Lenta laßt nichts mehr von sich hören.,Event,Social,,,
90,762,Alles ist so anders so lange zeit ging man keinen schritt alleine in die Stadt.,Reflection,Romantic,?????,,
90,762,,Reflection,Political,,,
90,763,Stets war Bubi dabei.,Reflection,Romantic,,,
90,764,Keine Minute war man bald alleine.,Reflection,Romantic,,,
90,765,"Seelbst Krimert + Rurzie sagten , das wir 2 so gut zusammen passen würden.",Event,Romantic,,,
90,766,Aber es hat halt nicht sollen sein.,Reflection,Romantic,?????,,
90,767,Wehr weiß wofür es gut ist.,Reflection,Romantic,,,
90,768,So langsam gewohnt man sich an alles.,Reflection,Temporal,,*,
90,769,"Zuerst glaube mann dass das leben still stehen müsse, es kann doch so nicht weitergehen.",Reflection,Temporal,,*,
90,770,–man muss still halten und immer nur hinnehmen.,Reflection,Temporal,,*,
90,771,Am 6. Juni das war eigentlich der letzte nette Tag mit Bubi!,Reflection,Romantic,,,
90,772,Ich war im Friseur und Bubi zur Musterung.,Event,Social,,,
90,773,Er war von der Musterung aus zu meinen Eltern gegangen + holte mich ab dann beim Friseur ab.,Event,Romantic,YES,,
90,773,,Event,Political,,,
90,774,Er war ganz reizend wir gingen zu Lenta.,Event,Romantic,,,
90,775,Im Vielwegsgarten machten wir aber so 1 kleine stunde halt.,Temp/Spat,Temp/Spat,,,
90,776,“We have as many cisses to gived.” Sodann zu Schumachers + mit H. + Lenta in die Eisdiele.,Event,Romantic,,,
90,776,,Event,Social,,,
90,777,Das war so richtig nett.,Reflection,Social,,,
91,778,"September 36
Sonnabend kommt Bubi an mit einer Bitte: Karl kommt morgen 11 00 und Frl. Rüdiger kommt auch mit.",Event,Social,,,
91,779,Deshalb mag ich nicht zur bahn gehen.,Reflection,Social,,,
91,780,Gehe du bitte hin.,Event,Social,,,
91,781,Ich gehe Tennis spielen.,Event,Social,,,
91,782,Ich habe es auch gemacht.,Event,Social,,,
91,783,Karl + Bubi haben sich sehr gefreut.,Event,Social,,,
91,784,Ich entschuldigte da er zu arbeiten hatte.,Event,Social,,,
91,785,Sie wollen am Dienstag in Ferien.,Event,Social,,,
91,786,"Als Bubi abends da war sagte er, dass er nach Scharbeutz an die Ostsee fuhre!",Event,Social,,,
91,787,Zuerst sollte ich doch unbedingt mit nach Deutschland auf ein Gut an die Mosel.,Event,Social,,,
91,788,"Aber obwohl ich es niemals getan hatte sagte ich: klar, heute haben meine Eltern bestimmt nichts mehr dagegen.",Event,Social,,,
91,789,Letztes Jahr hatten sie das mit uns beiden nicht erlaubt!,Reflection,Romantic,,,
92,790,Als ich neulich nach dem Sonnenschein so regnete hing ich meinen roten Bademantel über mein gelbes Kleid.,Reflection,Romantic,,,
92,791,"Da Kamm ein Auto, ein junger Mann fragte ob er mich heimfahren dürfe, denn ich wurde ja sonst so nass.",Event,Romantic,,,
92,792,Wir verabredeten uns waren im Moccastube + kino ich liess meine handschuhe im wagen liegen.,Event,Romantic,,,
92,793,"Er schrieb mir 1 brief dass er nun die verabredete Zeit nicht konne, da er eine Hochzeit mitmachen musse + ich solle den nachsten Seit = u = Treffpunkt ausmachen.",Event,Romantic,,,
92,794,Tat ich nicht.,Event,Romantic,,,
92,795,Liess nichts von mir horen.,Event,Romantic,,,
92,796,"Siehe da ruft er hier an, da ich aber so erkalter bin will er morgen nochmal anrufen + fragen wann wir uns wieder treffen konnen.",Event,Romantic,,,
92,797,"Na, ja.",Reflection,Romantic,,,
92,798,Er sieht ganz gut aus.,Reflection,Romantic,,,
92,799,Warum nicht man.,Reflection,Romantic,,,
92,800,"Ein wenig Leichtsinn kann nicht schaden, denn wir sind jung, und in 50 Jahre ist alles vorbei.",Reflection,Temporal,,*,
92,801,Niemand wird dann fragen ob wir per arm oder nicht gingen.,Reflection,Romantic,,*,
93,802,"Mit dem kann ich das zwar garnicht, denn der ist unheimlich lang.",Reflection,Romantic,,,
93,803,Bubi hat geschrieben!,Event,Romantic,,,
93,804,Mal sehen!,Event,Romantic,,,
93,805,"Wenn er kommt, kommt er ja bald in Arbeitsdienst.!",Event,Romantic,YES,,
93,805,,Event,Political,,,
94,806,Mit Kickuck etc. auf Alpenfest habe mich nicht besonders ammusiert.,Event,Social,,,
94,807,"Dr. Mendel, Gerda, Hannsdeck, Rommy + Herr Dr. Juds Helmi Buchner kennengelernt + mit ihm verabredet.",Event,Social,,,
94,808,"War sehr nett, aber kein Vergleich.",Reflection,Romantic,,,
94,809,"Haben uns stets sehr geistlich unterhalten, da er sehr, sehr klug.",Event,Social,,,
94,810,Es war mitunter schon rechts anstrengend!,Reflection,Social,,,
95,811,Das Theater mit Bubi und Lenta geht dauernd so weiter.,Reflection,Romantic,,,
95,812,Bubi schreibt an sie und auch an mich.,Reflection,Romantic,,,
95,813,Einen Brief las ich.,Reflection,Romantic,,,
95,814,Sie hatte ihre Tasche liegen lassen mit dem Brief: “Meine lb. kleine Lenta” – ob sie nicht nach Hildesheim kommen wollte.,Event,Romantic,,,
95,815,Da blieb mir der Atem fast stocken.,Reflection,Romantic,,,
95,816,So ein falscher Kerl.,Reflection,Romantic,,,
95,817,"Schlimm ist ja nur, dass wir zusammen in der Schule sind.",Reflection,Romantic,,,
95,818,Dauernd also zusammen sind.,Reflection,Romantic,,,
95,819,"Schon ist ja nur dass ich ihr dauernd meine Meinung über sie so richtig durch dick und dünn zynisch, ironisch sagen kann.",Reflection,Romantic,,,
95,820,Nur die Sache hat ihre grenzen ich werde langsam gemein.,Reflection,Romantic,,,
95,821,Kann ja garnicht genug sein.,Reflection,Romantic,,,
95,822,Solche Gemeinheiten muss man bestrafen!,Reflection,Romantic,,,
95,823,Viel habe ich gelitten vorallem durch dies dauernde hin + her Nun bin ich auch noch hingefahren.,Reflection,Romantic,,,
95,824,"Musste 2 st. warten in der Kantine, da er Dienst machte.",Event,Social,,,
95,825,Sind spazieren + haben dann in “Scharfen Eck” im Marienburg getanzt.,Event,Social,,,
95,826,Bin dann 1 minute vor 10 uhr abgefahren.,Temp/Spat,Temp/Spat,,,
96,827,War bei seiner Mama wie er mir in seinen Briefen jedesmal ans Herz gelegt.,Event,Romantic,,,
96,828,Sie war sehr nett zu mir.,Event,Romantic,,,
96,829,Der gute Papa + auch Annelise waren sehr nett zu mir.,Event,Romantic,,,
96,830,Sollte bald mal wieder kommen.,Reflection,Romantic,,,
96,831,Auch ihnen schreibt er so wenig.,Reflection,Romantic,,,
96,832,Lenta hat sich schon an Karl Häupler gewandt da er so wenig schreibt.,Event,Social,,,
96,833,Bubi Mutter und Anneliese finden beide Schuhladens nicht sympathisch im gegenteil sie konnen sie nicht leiden.,Event,Romantic,,,
96,834,Bubi sei sehr emport gewesen dass er so nett bei Schumachers aufgenommen werde und seine Eltern die madel garnicht nett aufnehmen.,Event,Social,,,
96,835,Abends half ich Anneliese an ihren Klein.,Event,Social,,,
96,836,Frau H. brachte mich noch mal hause dass mir auch nichts passiert.,Event,Social,,,
96,837,Sie schickte mir Rudi’s Ski-Socken.,Event,Social,,,
96,838,"Schade dass ich nicht mit Bubi in dem Harz konnte, denn er habe sich schon sehr darauf gefreut.",Reflection,Romantic,,,
96,839,"Anneliese wollte zu Weinachten Bubi geld schenken, denn so als arbeitsdienstmann mit geld stets knapp.",Event,Social,YES,,
96,839,,Event,Political,,,
96,840,Wenn der Bengell sich nur selbts im klaren wäre fur wen sein Herz entscheidet.,Reflection,Romantic,,,
96,841,"Solch ein tasten, fullen, abwägen.",Reflection,Romantic,,,
96,842,"Nein, das kann nicht lange so noch gehen.",Reflection,Romantic,,,
96,843,"Ich gehe dabei zu grunde, denn auf keinen Fall: 1 kompromiss für denartige Halbleiter bin ich nicht.",Reflection,Romantic,,,
96,844,Hatte vor mit Rudi in den Harz zu fahren.,Event,Social,,,
96,845,Doch — Alleine darf ich nicht im Harz und auch nicht hier in B. bleiben.,Event,Social,,,
96,846,"Weinachten, das fest der Familie und Neujahr.",Temp/Spat,Temp/Spat,,,
96,847,Trotzdem mich Bubi’s Lb. Mutter zu Weihnachten eingeladen hatte. ,Event,Social,,,
96,848,Bleibt das ‘Veto’ meiner Eltern bestehen.,Event,Social,,,
96,849,"Walter will Samstag fahren, also Bubi kommt am Samstag hier an, und ich bin dann schon ein ganzes Stuck sudlicher wieder.",Event,Social,,,
96,850,“Kismet” vielleicht nicht zu meinen Nachteil.,Reflection,Romantic,,,
97,851,"Habe mit bubi telefoniert, jedoch noch nicht davon gesagt, dass wir wegfahren.",Event,Romantic,,,
97,852,"Er sagte Karl sei hier, heute war ich mal wieder so, dass mir Otto Bierwirth so richtig fehlte.",Reflection,Social,,,
97,853,Der hatte trost + Rat gewusst fur mein aufegewilltes Innere.,Reflection,Social,,*,
98,854,So suchte ich Karl Haupler auf.,Event,Social,,,
98,855,Er war nett.,Event,Social,,,
98,856,"Bubi ist mir ein Lb. netter Kerl, aber er ist noch zu jung.",Reflection,Romantic,,,
98,857,Zu Scharbeutz merkte man das an Kleinigkeiten.,Reflection,Romantic,,,
98,858,Alles mit einer Selbstverständlichkeit tun ist seine spezialitat.,Reflection,Romantic,,,
98,859,Takt oder Ausstand fehlt!,Reflection,Romantic,,,
98,860,(Ist das auch der richtige Ausdruck?),Reflection,Romantic,,,
98,861,Karl’s hemden tragen + Anzuge + Uhr das beste Kette etc. (oder egoismus + unbekümmertheit) das war in Scharbeutz im Sommer 36 Karl bezahlte und Bubi war dafür doch eigentlich richtic unartig!,Event,Romantic,,,
98,861,,Event,Social,,,
98,862,"Danke schon war ja nicht nötig, sondern nur ein ganz klein wenig Rucksicht nehmen!",Reflection,Romantic,,,
98,863,"Die Jugend macht das vielleicht, wenn er alter wird verliert sich das vielleicht.",Reflection,Romantic,,,
98,864,Diese ganzen dinge konnte ich ja auch am eigenen Leibe (bezw. Seele) verspüren.,Reflection,Romantic,,*,
98,865,Das empfindet wie welchen mir mitunter tat gelt ihm aber anscheinend ab.,Reflection,Romantic,,,
98,866,"Karl rat mir dazu einen großen strich zu ziehen unter die ganze sache denn wenn er eingesehen was er an mir hatte, dann kommt er von alleine wieder.",Reflection,Romantic,,*,
98,867,Er von sich aus hat nicht den mut eine sache zu entscheiden.,Reflection,Romantic,,,
98,868,"Lenta ist stets mit dem kleinen Finger zufrieden, die macht also auch stets so weiter.",Reflection,Romantic,,,
98,869,Ich bin also alleine die Leidtragende.,Reflection,Romantic,,,
98,870,"D’rum soll ich tapfer sein, den mut fassen.",Reflection,Romantic,,,
98,871,Das “schwere” + “Wehtuende” tun ihm abschreiben!,Reflection,Romantic,,*,
98,872,"Wenn er den Weg zu mir nicht fande, sei er es auch nicht wert dass ich auf ihn warte, aber auch nur so gut zu ihm bin.",Reflection,Romantic,,*,
98,873,Es sei dann eine Vergeudung!,Reflection,Romantic,,,
98,874,Er sei es nicht wert.,Reflection,Romantic,,,
98,875,"Wenn er aus Trotz oder sonst einen grund hat um nicht zu kommen, habe er keinen Charakter, denn Fehler einsehen + bemühen gut zu machen muss man auch konnen.",Reflection,Romantic,,,
98,876,Fur mich gilt der wallspruch: Das leben ist verzichten + verzichten ist das Leben.,Reflection,Romantic,,*,
98,877,"Es tut mir ja doch soooo leid, den er war ja doch so lieb zu mir, aber nein!",Reflection,Romantic,,,
98,878,— schon dass er meine Freundin sich dazu auch trotz des guten Vorsatzes gelang es mir nicht ihm abzuschreiben.,Reflection,Romantic,,,
98,879,"Briefe von Gunter wurden getauscht und Bubi kam ofters, als wenn nichts gewesen ware.",Event,Romantic,,,
98,880,Er redete mir die angelegenheit aus und langsam begann gras darüber zu wachsen.,Event,Romantic,,,
98,881,"Güntler schrieb ganz reizende briefe, jedoch jedesmal verglich ich im stillen mit Bubi.",Reflection,Romantic,,,
98,882,"Er kam, dann blieb er mal wieder weg und so ging es andauernd.",Event,Romantic,,,
98,883,Verabredete sich mit mir und kam nicht.,Event,Romantic,,,
98,884,Etc. etc.,Event,Romantic,,,
99,885,"So vergeht die Zeit - man wird alter - leider - Es kam die schreckliche sache mit Papa und Bubi benahm sich ganz gut, aber nur kurze Zeit.",Event,Social,,,
99,886,Wir verlebten noch im Jahr 37 recht nette Stunden.,Temp/Spat,Temp/Spat,,,
99,886,,Reflection,Temporal,,,
100,887,Sylvester 1937 bei Dr. Mann eingeladen.,Temp/Spat,Temp/Spat,,,
100,887,,Event,Social,,,
100,888,Mit Kurtz Kahn viel zusammen & als Rolf Binger kam wusste ich garnicht was ich machen sollte.,Event,Social,,,
100,889,"War dann abwechselnd bei denn einen & dann anderen, aber ich fand es herrlich.",Event,Social,,,
100,890,Habe ordentlich getrunken & fidel.,Event,Social,,,
100,891,"War mit Rolf im kino, sehr nett Mit Kurtz Samstag in Heiderlberg Stadtgartencafe sind sehr schon!",Event,Social,,,
101,892,Am 13 Jan 37 war ich bei Bubi im Arbeitsdienst im Marienburg es war ein sehr netter Nachmittag!,Event,Romantic,YES,,
101,892,,Event,Political,,,
101,893,Tranken Kaffee mit Zimkwitz + seiner Freundin & gingen spazieren.,Event,Romantic,,,
101,894,Fur 37 extra Buch!,Temp/Spat,Temp/Spat,,,
102,895,Lenta hat Bubi gebeten ihn doch zum 23. Ihrem Geburtstag zu schreiben.,Event,Social,,,
102,896,Er tat es aber nicht.,Event,Romantic,,,
102,897,Zu meinem geburtstag kam Frau Hischberger & brachte 6 rote Necken & “Zaratustri” von Nietzsche.,Event,Romantic,,,
102,898,Es sei von Bubi!,Event,Romantic,,,
102,899,"am 2.II.37 war ich bei Bubi, nachdem er mich zum kaffee abgeholt hat.",Event,Romantic,,,
102,900,Waren alleine da Annelie & Männe weggingen.,Event,Romantic,,,
102,901,Es war so wonderful how not long before!,Reflection,Romantic,,,
102,902,"Fasching um 10.10 führ sein Zug, um ½ 10 noch bei H!",Temp/Spat,Temp/Spat,,,
102,903,Im Schweinsgalopp zum bahn!,Event,Social,,,
103,904,Am 12.II.37 auf dem architektenball ganz gross!,Event,Social,,,
103,905,Bert Mayer kennengelernt.,Event,Social,,,
103,906,War mit ihm am Pfingsten im Harz!,Temp/Spat,Temp/Spat,,,
103,907,"Es war herrlich im auto durch Fliederblütenstraßen, dann zum Hahnenkeler Hof essen.",Event,Social,,,
103,908,Wir 2 ganz groß.,Reflection,Romantic,,,
103,909,"Im Wald beim Lagern wollte er allerdings anders als ich, aber ich habe gesiegt!",Event,Romantic,,,*
103,910,- Der Mann wollte mich heiraten- und - ich ihn auch!,Event,Romantic,,,
103,911,Aber der elende Hund Hitler das Saustück!,Event,Political,YES,,
103,912,Arierparagraph als Dr. Dipl Ing an der techn.,Event,Political,YES,,
103,913,Hochschule unmöglich.,Event,Political,YES,,
103,914,Es war von der oggersheimerbierbrauerei einziger Sohn.,Event,Social,,,
103,915,"Wirkich ein netter Besonder mittelgroße schicker, gepflegter & Patenter hübscher kerl ca 27-28. Wir trafen uns noch einige mal, aber aber es hat keine Zweck.",Event,Romantic,,,
103,916,"Er hat so viel manniere aber, wenn ich ihn sehe muss ich mir stets sagen, Er will- aber Ado Hit- erlaubt es nicht.",Reflection,Political,YES,,
104,917,"Gunter
Bday

Werner Neck Kurt Heinz
Papa Reise",Event,Social,,,
105,918,Samstag 18.II.39,Temp/Spat,Temp/Spat,,,
106,919,"Freitag 24.II.39 Ich lies extra einige Seiten Platz, denn es passierte so viel in der vergangenen Zeit was doch ganz erwähnenswert scheint.",Temp/Spat,Temp/Spat,,,
106,920,"Maid, Ellen, Heinz, Hilde Holler + armine, Otto + ich fuhren nach Mainz zum Fasching.",Event,Social,,,
106,921,"Abends gingen wir alle ins Kurhaus, nachdem wir vorher alle von Frau Holler im Ratskeller in Wiesbaden zum Abendbrot eingeladen waren.",Event,Social,,,
106,922,Ich hatte mein Dirndel an und sah (wie die anderen sagten) nett aus.,Event,Social,,,
106,923,"–Ja – so –ein Faschingsball ist halt doch nichts fur mich, denn so ausgelassen sich benehmen liegt mir einfach nicht.",Reflection,Social,,,
106,924,So sah ich also mehr zu.,Event,Social,,,
106,925,"Oben amüsierte ich mich dann ganz gut mit einem arzt aus Wiesbaden, allerdings ergraute schlafen, verh.",Event,Social,,,
106,926,Aber sehr interessante Erscheinung.,Reflection,Social,,,
106,927,Ellen + Hilde amüsierten sich mich “Hellmut” Wir gingen dann noch gemeinsam ins kaffee aber Hellmut bekam Nasenbluten & mußte dann nach hause.,Event,Social,,,
106,928,"Otte, maid, Heinz & ich gingen Ellen suchen, die aber schon bei Hilde + armine im Hotel Bellevue schlief.",Event,Social,,,
106,929,"Alles in allem ganz nett, aber nicht das was ich von Fasching erwartete.",Reflection,Social,,,
106,930,"Sonntag 19. Februar 39 weckte mich Maid + Heinz im Hospiz, während ich noch herrlich im bett lag.",Event,Social,,,
106,931,Gingen um 14 uhr in die Bodega Essen und dann zu Heinz zum kaffe.,Event,Social,,,
106,932,Abends ins kurhaus zum Tanzen!,Event,Social,,,
106,933,Da!,Event,Social,,,
106,934,stand Hellmut hinter uns und setzte sich an unseren Tisch.,Event,Social,,,
106,935,Er lied mich ein doch noch in W. zu bleiben und mit ihn am anderen Tach nach Mannheim zu fahren.,Event,Romantic,,,
106,936,"Also blieb ich, wahrend Maid + Ellen + Heinz + Otto zur Bahn fuhren.",Event,Social,,,
106,937,Hilden machte sich an Hellmut ran & armine kochte vor wut - sie schmeißen die Ringe im Kurhaus - und ich tanzte eifrig mit Hellmut.,Event,Romantic,,,
106,938,Heinz erschien und wir gingen alle.,Event,Social,,,
106,939,Hellu + Otto + Heinz fahren mit.,Event,Social,,,
106,940,"Heinz abgeben & wir gingen wie verabredet zu Bols, aber da es dort garnicht nett war kehrten wir um zur Martinis-Bar!",Event,Social,,,
106,941,"Es war reizend wir unterhielten uns beendend, obwohl Hilde mit Hellmut einen hochst unanständigen Swing tanzte, aber Hellmut ging garnicht darauf ein.",Event,Romantic,,,
106,942,Er ist eben ein H’s Kerl.,Reflection,Political,YES,,
106,943,Um ½ 2 ging ich mit Hellmut heim.,Event,Romantic,,,
106,944,Er verabschiedete sich durch handkuss nachdem er mir den Wagenschlag aufgemacht hatte.,Event,Romantic,,,
106,945,Aber wir gaben uns dann doch noch “a Butz” & zwar vor dem Hotel under einer Laterne.,Event,Romantic,,,
106,946,"Hilde konnte nicht genug kriegen und sumpfte noch bis 4 uhr mit ihren Verlobten + Otto am Rosenmontag 20.II.39 kamen morgens Heinz – armin – Hilde, alles in mein zimmer & ich lag noch im bett.",Event,Social,,,
106,947,"Um 11 erschien Hellmut &sagte, daß der plan mit nach Meinz leider ins Wasser fallen müsse da wir um 13 uhr in Ulm sein mussten.",Event,Social,,,
106,948,Hilde hatte nämlich vorgeschlagen dass wir (armin – Hilde –Helmut & ich) nach Meinz fahren sollen & uns den Rosenmontagszug ansehen.,Event,Social,,,
106,949,"Wir hauten ab, nachdem ich mein Hotelzimmer bezahlt hatte.",Event,Social,,,
106,950,"Im auto bei Hellmut sassen hinten außer x koffern die kochin seiner Oma, der Exzellenz aus Wiesbaden mit Blumen beladen.",Event,Social,,,
106,951,"Wir fuhren nett zusammen nach Mannheim, wo Hellmut bei Dr. Kurt Rochling, seinen Onkel wohnte.",Event,Social,,,
106,952,"Er musste noch nach Ludwigshafen wegen steuern seiner mutter etc. & versprach mir, wenn es ihn irgend moglich, mich zu einer tasse kaffe zu treffen.",Event,Romantic,,,
106,953,Um ½ 4 ruft er an & bat mich darum ihm doch lieber den abend anstatt den mittag zu widmen.,Event,Romantic,,,
106,954,Und so verabredeten wir uns auf Rosenmontag eben um ½ 10 vor den Palast Hotel zum Ball.,Event,Romantic,,,
106,955,Ich ganz grossartiger laune & in meinen Dirndel brachte mich Erne & Jut ans Hotel wo mich Hellmut glanzend aufgelegt im Empfang nahm.,Event,Romantic,,,
107,956,20.II.39 Wir gaben unten unsere Garderobe ab & zogen dann durch alle saale um in den grossen Bar am Rundbau in der Ecke Platz zunehmen.,Event,Social,,,
107,957,Lachten und waren soo verliebt.,Event,Romantic,,,
107,958,Wir tranken Henkel Trocken & sausten durch alle Saale.,Event,Romantic,,,
107,959,"Grosse vorliebe hatten wir fur die Kleiderablage im keller, denn da konnte man sich schon draufsetzen & sich liebhaben.",Event,Romantic,,,
107,960,Gerade hatte mich Hellmit beim kopf als mir ein alterer Herr auf meine Dirdelbeine einen kuss gab.,Event,Romantic,,,
107,961,"Ich bin direkt erschrocken, denn oben Hellu und unten der alte, das war ein bisschen viel auf einmal.",Event,Romantic,,,
107,962,Wir setzten uns dann aber auf den Stuhl hinten ,Event,Romantic,,,
107,963,"Die nette Mailanderin & der Hamburger leisteten uns Gesellschaft & sie fragte mich, ob wir meine Lippen auch so weh tun!",Event,Social,,,
107,964,"Oben im großen Speisesaal tanzten wir und in meinen guten Laune machte ich Spaß mit einigen Herren, die alleine am Tisch saßen & die freuten sich & riefen “Die ist richtig nett & fidel” ",Event,Romantic,,,
107,965,"Ich zog mit Hellu dann weiter & trafen wir 2 Studenten aus Heidelberg mit 1 Mädchen, aber die beiden Bengels waren ein bischel doof & gingen wieder nach H. da es ihnen zu steif war.",Event,Social,,,
107,965,,Event,Romantic,,,
107,966,Nur die saßen auch gerade in dem Durchgangsaal.,Event,Romantic,,,
107,967,"Wir wollten sie mit rein nehmen, aber sie wollten lieber in die Unterwelt von Heidelberg und wir sollten mit.",Event,Social,,,
107,968,"Obwohl ja alle 2 Hübsche Kerle waren, hatte ich garkeine lust, denn die Eintrittskarten hatten wir ja bezahlt & mir genugte ja Hellu fur den Abend.",Event,Social,,,
107,969,Wir tanzten dann davon & riefen ihnen nur noch im Foyer “adieu” zu.,Event,Romantic,,,
107,970,"Allerhand fand ich ja, das der Hubsche einem Madel mit maske einen korb gab, als sie ihn aufforderte.",Reflection,Romantic,,,
107,971,"Ich wurde rot & ganz verlegen, denn an Fastnacht ist das doch rech ungezogen von ihm!",Reflection,Romantic,,,
107,972,"Na, meine Sorge nicht.",Reflection,Romantic,,,
107,973,Ich habe mich blendend amüsiert.,Reflection,Romantic,,,
107,974,"Meine Hellu hatte ganz rote Lippen, war er aber selber schuld dran, denn warum kam er mir auch dauernd zu nah!",Reflection,Romantic,,,
107,975,"Vor allem hatte es ihm meine augen angetan, denn in der Bar, egal wo es auch kusste er mir dauernd die augen.",Event,Romantic,,,
107,976,Einige altere leute beaugten uns mit sorgen!,Event,Social,,,
107,977,Hellmut & mich storte das aber nicht im geringsten.,Reflection,Social,,,
107,978,"So verging die Zeit mich lagen, tanzen & kussen!",Event,Romantic,,,
107,979,Ja!,Reflection,Romantic,,,
107,980,Das kann er ganz herrlich!,Reflection,Romantic,,,
107,981,Wir sassen dann wieder unter vor der Holzkistel Bar & hatten uns sooo lieb.,Reflection,Romantic,,,
107,982,"Dan entdeckten wir dahinter den leeren Stuhl., na & warum nicht!",Event,Romantic,,,
107,983,Auf einmal schiesst nur was warmes uber mein handgelenk & ich rief sofort “Hellu kopf zuruck!” ,Event,Romantic,,,
107,984,Er hatte mal wieder Nasenbluten sofort befall ich ihm sich lang auf dem Boden zu legen und er tat es auch.,Event,Romantic,,,
107,985,Ich wischte ihn uber s gesicht & setzte mich neben ihn & passte auf das er sich nicht bewegte.,Event,Romantic,,,
107,986,Stundenlang hatte ich so neben ihn ganz still sitzen konnen.,Reflection,Romantic,,,
107,987,"Er sagte, dann leise so lieb sei noch kein mensch zu ihn gewesen!",Event,Romantic,,,
107,988,Er war aber auch reizend zu mir.,Event,Romantic,,,
107,989,"Dann gingen wir nach oben, tranken aus & bezahlten.",Event,Romantic,,,
107,990,"Es war 4 uhr & er versprach mir wenn er wieder nach Ulm komme, jedenfalls am Donnerstag, dann ruft er bei mir an.",Event,Romantic,,,
107,991,Wir verabschiedeten uns und sein Handkuss war dann Lebewohl.,Event,Romantic,,,
107,992,Er ging zu Dr. R. Rodling seinem Onkel.,Event,Social,,,
108,993,Am Donnerstag den 25. II. 1939 morgens um 11 lautet das Telefon ich hin & siehe da Hellu wollte sich erkundigen wo Frl. Muller im Geschäft zu erreichen sei.,Temp/Spat,Temp/Spat,,,
,,,Event,Social,,,
108,994,Er war in Ludwigshafen fertig & trafen wir uns um ½ 12 am Paradeplatz.,Temp/Spat,Temp/Spat,,,
108,995,Was tun?,Reflection,Social,,,
108,996,"Zuerst trödelten wir zum Kino, das ging aber erst um 4.30 an, dann gingen wir zur Bahn & sahen nach, wann Helmut wieder nach Saarbrücken, bzw. Völklingen fahren könne.",Event,Social,,,
108,997,"Plötzlich kam mir eine Idee, wir fahren nach Heidelberg!",Event,Social,,,
108,998,Blendend also 12.44 rasch telefoniert nach Hause & wir 2 fuhren ganz alleine im Abteil! Nach Heidelberg.,Event,Social,,,
108,999,"Besichtigen zuerst das schloss, da in schlosshof treffen wir Papa Leiner, der erstaunt tut, das ich noch da bin.",Event,Social,,,
108,1000,"Hellu stellte sich vor & Leiner sagte: “kennen sie Oppenheimer, der schreibt ja fabelhaft von drüben, ich dachte sie seien schon längst weg!” “",Event,Social,,,
108,1001,"Nein, im gegenteil” war meine Antwort & nach belanglosen hin & her Geplänkel verabschiedeten wir uns.",Event,Social,,,
108,1002,"Nebenbei erwähnte er noch, daß seine Frau operiert sei!",Event,Social,,,
108,1003,Wir wanderten weiter und gingen auf die Molkenkur!,Event,Social,,,
108,1004,Wir saßen in einen herrlichen Raum bei schönsten Sonnenschein im Frühjahr & hatten uns sehr gern!,Event,Romantic,,,
108,1005,Es war herrlich.,Reflection,Romantic,,,
108,1006,"Ich brachte garnicht viel zu essen und war satt – Ja, die liebe scheint zu genügen.",Reflection,Romantic,,,
108,1007,Wir stiegen dann langsam runter durch die Stadt und gingen heim gerade fuhr ein Zug & waren wir zeitig in Ulm.,Event,Romantic,,,
108,1008,Was nun?,Reflection,Romantic,,,
108,1009,Ich wollte gerne heim und dann ins Park Hotel zum Tanz!,Reflection,Social,,,
108,1010,Er sagte dafür sei er nicht angezogen & so entschlossen wir uns ins Kino zu gehen.,Event,Romantic,,,
108,1011,Im Universum “War es der im 3. ‘Stock’ saßen wir ganz nett.,Event,Romantic,,,
108,1012,"Gingen dan durch die Stadt und zum Bahnhof denn wir hatten uns nicht mehr zu sagen, da wir ja den ganzen Tag zusammen waren, blieb aber nur noch das letzte & das hatte ja gar keinen Sinn!",Reflection,Romantic,,,
108,1013,"Hellu meinte wenn ich hier wohnen wurde, nahme ich dich jetzt mit heim, aber ich legte mein Veto ein, daß das für mich garnicht in Frage komme!",Event,Romantic,,,
108,1014,"Nein, er wolle es auch nicht, daß mein erste Erlebnis unschön sei!",Reflection,Romantic,,,
108,1015,"Er finde das sehr natürlich, & sei nicht so konservativ wie seine andere Freunde, aber respektiere jeden Wunsch eine Dame!",Event,Romantic,,,
108,1016,Rasch gingen wir noch in den Wartesaal & dann zum Zug.,Event,Social,,,
108,1017,"Ich ging mit auf den Bahnsteig, aber dann ginch ich, ohne die Abfahrt des Zuges abzuwarten.",Event,Social,,,
108,1018,"Schade, daß ich erstens nicht so kann, wie ich will, zweitens er so jung, drittens in Berlin wohnt ach, & viertens, daß ich gleich wenn ich jemand gefunden habe, gleich so an jemand hänge!",Reflection,Romantic,,,
108,1019,"Aber sage mit zarwitsch: ""ach",Reflection,Romantic,,,
108,1020,"Es kann ja nicht sein!""",Reflection,Romantic,,,
108,1021,"Nun ist es fort und ich bin ich, alles ist wieder so öde & leer.",Reflection,Romantic,,,
108,1022,"Denn schön ist doch nur der Frühling, wenn man verliebt ist und es Stimmt: In 24 Stunden kann so viel geschehen, auf 1x ist alles im leben so schön!",Reflection,Romantic,,,
108,1023,Aber zwischen drin liegt so viel Leid & trube Stunden.,Reflection,Romantic,,,
108,1024,"Die Liebe hilft uber so viel hinweg & wenn man richtig verliebt ist, sieht die Welt so rozig & schön aus.",Reflection,Romantic,,,
109,1025,Geld etc. alles Nebensache & nur Kleinigkeit gegen das seelische Wohlbefinden & die Ruhe die dann mit einenmal kommt.,Reflection,Romantic,,,
109,1026,"Am Samstag, den 27. Mit Otto Heinz – Maid & Ellen in Palast-Hotel in der Bar.",Temp/Spat,Temp/Spat,,,
109,1027,"Ich dachte dauernd wie schön es war am Rosenmontag in diesen Räumen und war ein bisschen wehmütig gestimmt, da fing ich an zu saufen & war nachher so besoffen das ich in Foyer einen Studenten aussprach, der aber auch blau war und er wollte mich absolut mit nach Heidelberg nehmen.",Event,Romantic,,,
109,1028,Seine Dame ging mit 2 anderen Scheiden + er wollte sie eifersüchtig machen.,Event,Romantic,,,
109,1029,"Ich kotzte als dann auf den Lokus herrlich, trank Kaffee & mir war wieder gut.",Event,Social,,,
109,1030,Meinen Schal klaute man mir aus der Manteltasche!,Event,Social,,,
109,1031,So eine Gemeinheit.,Reflection,Social,,,
109,1032,Um 1.10 allerdings holte ich meine Garderobe & sauste in meinen Luft an die Bahn wo ich Hansi abholte & seelig war nicht alleine den Ketowweg machen musste.,Event,Social,,,
109,1033,Heinz brachte sie dann heim & ich soff bis ich kotzen musste.,Event,Social,,,
110,1034,"Blau sein ist auch etwas Schönes, denn man hat dann garkeine Hemmungen & das ist so herrlich!",Reflection,Social,,,
110,1035,8 Tage drauf gingen Maid +Heinz Otto Ellen + ich in die Tucher Stube.,Temp/Spat,Temp/Spat,,,
110,1036,Ellen todlangweilig + ich und Otto wir wollten tanzen + mal sehen was oben los ist.,Event,Social,,,
110,1037,Wir tanzten + tranken an der Bar 1 Cocktail.,Event,Social,,,
110,1038,Da kam Boy + setzte sich zu uns.,Event,Social,,,
110,1039,Wir unterhielten uns dann ca. 1 Stunde.,Event,Social,,,
110,1040,"Der Rest (3) Maid + Heinz + Ellen kamen dann auch rauf + taten sehr beleidigt, das wir so lange blieben, aber Otto hatte ebensowenig wie ich Lust die Damen von Ellen zu ertragen.",Event,Social,,,
110,1041,Wir blieben dann noch an der Bar zum Ärger der anderen sitzen.,Event,Social,,,
110,1042,Boy kam dann mit an den Tisch + fand Ellen ganz nett.,Event,Social,,,
110,1043,Bald fuhr die letzte Tram + so wusste Heinz + M. + E. heim.,Event,Social,,,
110,1044,"Boy, Otto & ich blieben bis in den morgen um ½ 3 oder 4 es war herrlich.",Event,Social,,,
110,1045,"Gesoffen habe ich, aber nicht zu viel.",Event,Social,,,
110,1046,Boy spielte zum schluß ganz schwere Musik & horten wir 4 ganz andächtig zu.,Event,Social,,,
110,1047,"(Der Miser + 1 Oker) – Als ich mit den 2 zuerst da saß als M. etc weg waren, saß hinter mir ein süßer kleiner blonder Junge.",Event,Romantic,,,
110,1048,Ich sah ihn stets im Park-Hotel.,Event,Romantic,,,
110,1049,Und mit dem Verabredete ich mich dann.,Event,Romantic,,,
110,1050,"Traf ihn aber nicht & als ich mit Hertel + ihrem Scheich, der ganz goldig ist, & trantel im Park-Hotel war, da tanzten wir andauernd untereinander.",Event,Social,,,
111,1051,Er ging dann mit ins Palast aber das war nicht mehr nett.,Event,Romantic,,,
111,1052,Als ich ziemlich trübsinnig über die Missverhältnisse dieses größenwahnsinnigen “Hitlers” durch die Stadt schlendern zappte mich jemand am Arm.,Reflection,Political,YES,,
111,1053,"Kueches, mein kl. Blonder!",Event,Romantic,,,
111,1054,Er begleitete mich zu Erna + hielten wir uns am Rhein etwas auf.,Event,Social,,,
111,1055,Er warf seinen Hut ins Wasser.,Event,Social,,,
111,1056,"Sprach dann auch etwas ordinar, wo ich aber sofort halt gebot.",Event,Social,,,
111,1057,Wir machten dann etwas in Liebe.,Event,Romantic,,,
111,1058,"Meine Mama fragt heute wo ich waschen lasse, od. wollen wir nicht mal auf franzos, etc. das sprach er aber nur 2x.",Event,Political,,,
111,1059,Wir machten dann auf kameradschaftlicher Basis.,Event,Romantic,,,
111,1060,"Er erzählte mir von seiner angebeteten Ellen ich horte allen an, gab ihn Ratschläge & so blieben wir die besten Freunde.",Event,Social,,,
111,1061,"Wir gingen zus. ins Kino, Kaffee etc. Plankenbummel und ich wollte nichts von ihn, er aber ab & zu von mir.",Event,Romantic,,,
111,1062,Gab es aber nicht + meinte er schließlich ich sei verlobt oder so!,Event,Romantic,,,
111,1063,Aber wozu?,Reflection,Romantic,,,
111,1064,"Ich habe mir vorgenommen nur mein zukünftigen Mann, sollte ich eben keinen kriegen, na dann nicht.",Reflection,Romantic,,,
111,1065,Mal sehen wie lange!,Reflection,Romantic,,,
111,1066,Die Zeit verging dann mit richten + nähen für zur abreise nach London.,Temp/Spat,Temp/Spat,,,
111,1066,,Event,Social,,,
111,1067,Für Mama packten wir + für Ado alles provisorisch in die Koffer!,Event,Political,,,
111,1068,"Schaffen alles, bis auf’s kleinste an + ich fuhr mit der Liste nach Karlsruhe.",Event,Political,,,
111,1069,Konsulat in Frkfr. klappte wunderbar.,Event,Political,,,
112,1070,"Mein Schrankkoffer wollte ich schon absenden, aber Mama meinte erst ihre Sachen packen lassen vom Zoll und dann den Rest per Bahn.",Event,Political,,,
112,1071,Samstag abend kam Kueches wegen den Foto + ich gab ihn 70.,Event,Political,,,
112,1072,Er brachte mir dann tatsächlich Foto + Etuie!,Event,Political,,,
112,1073,"Ab und zu packte uns die Kriegs Panik + wir wollten reisen, aber ohne Packerlaubnis & dann 100 kg für Ados Erlaubnis.",Reflection,Political,YES,,
112,1074,Als dann zu arg wurde + alle Engländer abberufen rief ich Mc. Call an & er sagte er kommt vorbei weil man am Telef. Angst haben musste die gestapo hort zu.,Event,Political,,,
112,1075,Rief aber um 10 an das 3 von der Berlitz um 1 Uhr abhauen und ich soll mit.,Event,Political,,,
112,1076,Eins zwei drei alles an Schmuck an + gepackt in hurry ____ fuhr mit zum Zug.,Event,Political,,,
112,1077,Ticket Strassb. & ab dafür + mit Miss Calender + young.,Event,Political,,,
112,1078,Mama + Ado versprachen mir mit den nächsten Zug auch zu reisen.,Event,Political,,,
112,1079,Die Sache klappte herrlich am Zoll keinen Koffer aufmachen mussen nur gefragt wohin & ob ich mit denen reise.,Event,Political,,,
112,1080,"Mc. sagte wir kommen selbstverständlich back, wenn kein Krieg kommt.",Event,Political,,,
